,課程名稱,評價星等,評論數,總影片時長,觀看數,價格,評價標題與內容,評價標題的結論
0,Python 資料分析＆機器學習入門,4.89 Stars, 202 則評價,課時 434 分鐘,同學 2141 人,"NT$2,500","{'評論標題': ['了解python應用', '老師口條清晰，課程內容有趣', '讚', '讚，內容超級充實，老師有料', '推', '推薦初學者參考', '收穫豐富', 'Python 資料分析＆機器學習入門', 'Python 資料分析＆機器學習入門心得', '學習心得', '清晰有條理', '很讚', 'Python 資料分析＆機器學習入門', '非常有價值的入門課程', '詳細明瞭，獲益良多', '讚', '很棒的入門課程', '完課心得', '老師上課內容說明清楚且回答同學問題很快速', '簡單易懂，推薦', '讚', '很不錯的課程', '老師表達能力很清楚', '讚', '不錯的課', '很不錯', '也適合沒程式基礎的同學', '很棒的課程', '不錯的入門課程', '適合有程式基礎的人學習', '課程超棒！！', '還不錯', '非常精華的內容', '對初學者很有幫助', '我應該早點看到這堂課的', '課程完成', 'Python 資料分析＆機器學習入門', '內容豐富充實', '很用心的課程', '很棒', 'Python 資料分析＆機器學習入門', '讚讚讚', 'Python 資料分析＆機器學習入門', '好課推', '內容豐富', '入門好課', '還不錯', '很豐富的機器學習課程', '適合入門', '講述內容豐富', '精彩', '適合初學者', '課程內容有趣', '很棒的入門課程', 'Python 資料分析＆機器學習入門', '老師很願意替學生解答', '很不錯的一門課', '很適合對資料科學有興趣的人', '感謝老師', 'CP值高到不行。', '適合初學者', '收穫滿滿的課程', '基礎知識的快速累積', '機器學習', '講解清楚有趣', '滿不錯的課程', '讚讚', '淺顯易懂', '讚讚~', 'python機器學習', '這堂課惡補後我得到二面機會', '適合非工程師背景的人', '對基礎觀念建立很有幫助', '推薦', '內容豐富深入淺出', '入門好課程', '適合初學者', '感謝老師開立這門課，受益良多', '適合初學者', '適合初學者', '適合入門的人', '很棒的內容', '收穫很大', '課程說明得很詳細', '適合練習實作', '很棒', '深入淺出的教學', '很棒的基礎機器學習課程', '讚', 'Python 資料分析＆機器學習入門心得', '評語', '很棒的機器學習入門課', 'Python 資料分析＆機器學習入門', '物超所值', 'Python資料分析&機器學習課程上課心得', '非常棒', '不錯~適合剛入門學習的小白', '內容充實', '評價', 'Python 資料分析＆機器學習入門', '脈絡已及舉例很實用 ', '適合新手入門', 'OK', '淺顯易懂的課程內容，讓閱者逐步掌握Python', '推薦', '課程架構清楚易懂', '教學仔細、清楚明瞭', '相當適合初學者', '兼顧入門新手及進階應用', '很棒的教學', '適合初學者', '讚', '課程簡單易懂', '搭配medium服用', '不錯', '不適合新手', '講解清楚', '新手入門的好課程', 'Python 資料分析＆機器學習入門', '適合入門者學習', '講的很好', 'Python 資料分析', '感謝老師整理這麼好的課程', '非常棒的入門', '感謝老師用心的製作課程', '謝謝James領入門', '適合對機器學習入門者的課程', '很適合入門機器學習', '關於此課程', 'good ', '適合入門也適合有點基礎的人確定接下來的學習方向', '很適合入門熟習機器學習實做的一堂課', '完整詮釋機器學習的教學影片', '深入淺出', '很好的入門課程', '深入淺出 ', '適合初學者', '觀念解說很容易懂', '老師好認真', '解說很清楚易懂', '介紹非常多工具與實用建議', '對初學者有用的好課程', '幫助新手跨出機器學習的第一步', '非常詳細教學的', '輕鬆的入門課程', '好課推薦!', '實用性不錯', '適合初學者入門學習 ', '希望老師還可以再上新的東西', '講師很專業', '非常適合入門的課程，由淺入深，觀念解說清楚', '收穫良多！', '非常豐富的上課內容', '深入淺出，重視實作', '講解非常清楚', 'Very Gooo!!!!', '適合初學者入門學習', '老師教得很棒!', '受益良多', '推薦', '課程深入淺出，感受到老師的專業！', '很棒的課程', '老師講的很仔細', '觀念清楚', '深入淺出，讚!', '淺顯易懂又兼實戰內容的好課程', 'James, 讚！希望老師在開進階的課！', '對新手很友善的課', '淺顯易懂的入門課程', '講解清楚', '非常適合初學者入門學習', '難易適中，很適合入門', '課程內容還不錯，很適合入門', 'It is really helpful!', '門路資源多', '講解清楚', '非常容易懂的課程', '非常適合初學者入門學習！', '教材很棒', '容易入門又不失深度的好課', '作為入門是非常棒的課程', '內容充實', '作為入門很不錯', '課程扎實且符合預期', '深入淺出', '不錯阿', '入門推薦', 'Good', '實用的課程', '實用的課程', '老師上得很好!!', '減少很多的入門摸索時間', '講解詳細', '講解的很清楚', '很實用的課程', '內容充實', '內容實用', '實用', '很受用的課程', '優秀的講解和說明', '課堂評價', '讚'], '評論內容': ['我原本是個幾乎不懂什麼程式語言的人，這堂課讓我學到很多，讚!', '建議想買這門課的同學可以先有一些PYTHON基礎，在學習上會更好銜接!\n老師在課程上的編排很棒，比起學校的理論，這門課更著重在實作面，喜歡喜歡~', '很有幫助，可以快速對AI以及套件使用方式有初步了解；\n雖然每集影片短短的20min，但作為一個初學者，大概都要花兩個小時才能釐清每行code的心思。', '讚，內容超級充實，老師有料', '推kaggle', '老師提供許多範例及圖解，講解詳細，讓初學者易於上手，也推薦了許多相關學習資源可以參考，讓學習上更有方向，謝謝。', '講解清楚', '這門課程對於想踏入機器學習的人會很有幫助，但建議先具備Python的基礎知識再來上會比較好', '老師講解清楚，讓初學者可以很快的上手。\n謝謝老師！', '個人背景：學習過前後端的技能，剛接觸Python和完全沒接觸過機器學習\n\n1. 對於一個機器學習零基礎的人來說，是個很好的入門磚，可以知道常用的機器學習model，還有介紹一些大神、延伸資料，可以做進一步的探討\n\n2. 對於有些內容，比較淺入淺出，要真的理解一些機器學習的原理，需要自己再研讀資源理解\n\n3. 我是衝著Kaggle比賽的內容購買的，整體來說，讓我對參加Kaggle基礎比賽，有完整的理解，也提供我一些方向性，我認為我可以在未來兩三個月，自己完成比賽看看。', '講師口條清晰有條理，內容豐富詳細，並有實作。', '老師講的很詳細又好懂', '內容充實，很棒的入門課，讚 !', '慶幸自己買的是線上課程，好課值得一看再看!', '感謝老師指導\n如此帶領之下真的比較清楚AI模型的使用過程了。\n面對之後的學習也比較有頭緒。', '讚', '由淺入深的課程內容\n講義簡潔美觀\n搭配老師清楚的解說\n對資料分析有了基礎的認識\n也提供很多課外課程和書籍\n讓我們可以再精進相關能力\n謝謝老師', '課程簡潔有力，有實務訓練，很棒。', '葉老師是很有耐心回答同學問題，即使非在上課相關內容只要和python資料分析有關係都願意回答，是值得花時間學習的課程。\n後面解鎖課程部分雖然我大部分聽不懂，但也很有參考價值，可以知道在這機器學習以後的努力方向。\n如果對於機器學習有心深入研究，老師也有提供參考書和相關資料可以自學，我覺得上這門課是很值得推薦的入門課，可以開啟對python的概念知道程式設計可以做的事情，但有些電腦運算的基本概念可能要自己花時間去學習，對上這門課會更容易聽懂老師上課內容。\n', '老師上課講解非常詳細，還會搭配他自己撰寫的文章，非常推薦大家上這堂課!', '讚', '內容講解非常適合新手', '老師表達能力很清楚', '讚', '原本聽到機器學習都會怕怕的，但其實一步一步慢慢跟著學，就不是那麼難了。', '如題  會對資料分析跟機器學習有初步了解', '推薦', '老師上的課程是基本的入門，得以了解機器學習到底是甚麼。\n\n講得很清楚，自學上面沒有問題!', '課程資訊我覺得整理得很不錯，不過對沒有python基礎的人會有點吃力，雖說如此，其實在學的過程中從提供的程式碼試著把玩並上網搜尋相關意思其實也可以學得起來~', '適合有程式基礎的人學習', '淺顯易懂適合入門學習！', '沒基礎會學得比較痛苦', '非常棒的課程！\n雖然上完了所有的課程，但是還是有很多地方不太能理解程式運作的原理。\n需要反覆地複習才能更深的理解每一行程式運作的方式。\n有遇到任何問題都可以到FB的社團搜尋或者是直接留言詢問老師。\n老師的回覆速度非常迅速，可以馬上得到回覆。\n', '課程內容很實用，也講解得很清楚，在FB社團也可以隨時發問，老師都會很快回答問題! 謝謝老師', '收穫良多', '課程十分充實。多謝導師教導。', '作為初學者可快速上手機器學習相關內容，很推薦聽課！', '學到很多觀念，老師也介紹很多書籍跟相關資訊，還要多花時間去研讀、實作。', '老師上課內容非常精實，從中學習到很多運用方式還有之後可以參考的學習網站', '感謝老師', '講解得很仔細', '超詳細的講解，感謝老師無私的分析，真心希望有後續的課程可以學習', '超詳細的講解，感謝老師無私的分析，真心希望有後續的課程可以學習', '讚', '內容豐富，且提供許多課外補充資源', '簡單清楚，入門好課！！！值得推薦～～', '講解清楚~', '機器學習內容稍微硬了點\u3000有些理論需要自己另外去理解\n不過分享了很多內容跟資源\u3000提供有興趣的人去利用', '老師由淺入深的教學，不過我覺得比較適合稍微有一些程式基礎還有稍微碰過機器學習的人，不然課程會聽得不是很懂。老師講課內容豐富，講解的很清楚，發現到還有很多數學相關知識要去補，老師也提供很多自學資源，讓我收穫滿滿，謝謝老師！', '老師講課內容相當豐富，畢竟一門時數不到10小時的課，無法很深入的介紹，但老師都有提供方向和參考，讓有興趣的人能夠更深入了解，也會為同學解惑，受益良多!', '精彩', '受益良多，謝謝老師', '課程內容有趣且實際', '我是完全沒有相關背景的初學者，但也能容易地跟上老師的腳步', '很完整，但需要多花些時間吸收', '我是python 初學者，在上課常常遇到問題，但老師都願意指導，很感謝老師', '因為想對機器學習有約略了解所以買了這門課，老師由淺至深，用許多實際的範例幫助學習，過程中發現機器學習真的很吃數學知識，對於高中畢業後就把函式什麼的全部還給老師的我來說，根本鴨子聽雷 ><，後面的課程真的就只能聽聽而已，覺得可惜，只能等我加強能力後再來二刷了。', '課程講到的範圍非常多，James盡可能把內容講得很容易懂！\n也提到許多大神、可以自我學習的參考資料！', '滿星滿星❤', '這堂課讓我收穫滿滿，如果以後老師有開其他課，真的會手刀購買！', '快速對機器學習有概念\n課程提供許多入門的方法\n', '內容豐富收穫滿滿的課程', '快速對於機器學習有一定程度的了解', '受益良多，但某些函數沒有解釋的很清楚', '講解清楚有趣', '可以幫助有興趣做Kaggle 上的專案的人。', '學到機器學習的概念！', '深入淺出的教學非常適合新手，也推薦很多書籍資源提供大家參考。希望未來能有更進階的課程！', '讚讚讚讚讚讚~', '基本操作和概念都很詳細對於入門來說是很好的開始\n也補充許多課外資料供我們參考', '本人程式功力僅有初階，看完得到可以做完大公司的面試題\n不管是數學還是程式都有清楚說明\n真的是我心中的好課(泣泣)\n', '觀念講解非常清楚', '講解很清楚，也用心整理很多補充資料，讓有志學習者可再深化基礎。', '課程說明清晰明瞭，教材用心，若不夠清楚可在Medium閱讀文字，另外也提供其他書籍或是課程給需要更深入學習有一些方向\n', '適合有稍微碰過python想了解機器學習者', '課程講解清晰易懂', '容易入門', '到處找各種書籍和ＡＩ相關的線上課成，這堂課是目前最適合我們這些完全不懂的外行人的課，非常開心能找到老師的課，受益良多。', '老師課程只要花點時間去理解，就會覺得非常容易入門。', '講解清晰 易懂易操作', '課程講解清晰易懂', '很棒的內容，很多的額外學習資料。', '對於入門的人來說是很好上手的課程\n老師提供的相關資源也很多~', '課程說明得很詳細', '如對實作沒經驗,很適合上這門課\n如想學深入的理論知識,可考慮其他課程\n上課遇到問題可在fb社團發問,講師會回復', '學到很多技巧 很直得', '這個課程提供入門者很清楚的邏輯，也分享很多後續繼續學習的資源', '對於新手來說, 是一個非常棒的課程體驗, 雖然還希望能針對更多的模型做講解\n但其實已經非常好了\n感謝~~', '老師口條清晰，講的也很好!', '深入淺出的講解，對於想要一探 資料分析＆機器學習 的學習者來說，不外乎是最好的入門課', '適合初階學員', '算是 data science 的入門課，我覺得側重在資料處理的部分相當不錯，很多其他的課程都著重在很 fancy 的模型，卻忽略一些重要的基本功。我覺得這門課可以練練 Python、學一些入門，接著再去學 Coursera 的機器學期跟深度學習，這樣的學習曲線較平緩。', '講解清楚~', '內容含金量極高，適合初新者，對於抽象的機器學習模型舉非常好的例子幫助理解，當然若有一點 coding, ml 基礎能夠吸收的會更多，感謝老師的用心。 ', '1.老師教的蠻好的！──內容充實，大部分講解清晰，學費不只「值回票價」──應該是物超所值！\n2.「Python 資料分析＆機器學習入門」我學了一年左右，程式方面自學3 年了，學的有些慢！希望成為程式設計師！年近50，希望越來越...!\n3. 老師介紹的書，如：python + Spark 2.0 + Hadoop ...，，我買了幾本，對我而言 ，不太理想，我光安裝 multi node 就花了一個月，而且還沒裝好，NodeManager 未啟動！\n4. 老師在百忙中回答了我幾個問題，謝謝您！\n5.可以上coursera 或 udemy 的課程，多比較判斷，找出適合自己的學習目標和方式（本人由C#改學Python，多花了約一年的時間！）\n6.「獨學而無友，孤漏而寡聞。」\n\n光鍵 敬上', '深入淺出，言之有物。', '提供很多資源，讓新手不致於在機器學習路上不知所措', '課程內容說明祥細', '對於剛入門的學習者有幫助\n', '若想大概了解Python運用以及機器學習，此門課程可提供相關資源及概念。', '快速瞭解機器學習框架', '講解的詳細好懂，也有助於對這個領域有更近一步的瞭解，但須先了解一些Python的基礎知識。', '   還行，有些專有名詞須先了解', '隨著資料分析趨勢盛行，即便工作或生活領域不會接觸到程式語言，能了解基本的資料分析方式仍增加每個人在職場的競爭力，和公司內部相關部門同事溝通時，也較容易達到溝通目的與效果。\n\n老師的講解清晰易懂，不過影片的方式難免於同步實作時發生一些困難（除非有兩個螢幕XD）。我的工作經常需要與Data Scientists溝通，雖然不用了解如何寫任何程式，在上課過程中經常有「哇～原來當初他說的是這個意思」或「原來當初他的圖表是這麼做出來的」的想法。\n\n一步一步跟著James的腳步看Python，讓我有信心在多加嘗試後，領悟Python的要領，相信未來和Data Scientists溝通時能更有效率，並創造更大的附加價值。', '課程目標清楚，內容解釋有條理清楚', '很清楚又適合有興趣的人快速了解這個領域', '感謝老師的教學，內容仔細，清楚明瞭', '本課程可以大致了解機器學習作業的整個流程跟工作內容，也提供了一些可以延伸閱讀學習的資源，是蠻有收穫的，不過真的要能實用還需要自身花費時間鑽研練習', '課程的設計是循序漸進且由淺至深，讓學員可以自己視程度，搭配老師的課程講義一步一步實際演練學習！', '淺顯易懂的教學，很適合新手聽課', '適合初學者入門的第一堂課，透過老師的帶領，可以了解基礎套件的使用方法，也提供了許多延伸閱讀及參考的連結，\n必須自己再深入學習及持續練習，才能學以致用。', '謝謝老師的解說', '能了解到大數據工程師工作的流程，但每個環節都必須要在近一步去了解。', '搭配medium服用效果好', '滿適合入門的 而且有網站可以參考\n算是機器學習線上課程的第一首選', '雖然我明白基本python函數，但許多標準庫的函數仍相當陌生，講師在說明指令時都是一段一段粗略說明，讓我很難跟上進度', '依照老師的步驟，一步一步進行，對此領域的了解是一個開端，我覺得最重要的還是要自己不斷練習和去閱讀老師建議的延伸閱讀資料', '課程內容很仔細也有文字檔可以慢慢看', '實用', '主要的幾個機器學習模型都有用心講解，也有搭配程式碼示範，滿容易了解。另外在Medium上面也有提供完整課程內容可以複習，非常貼心！', '講的很好', '深入淺出', '課程難度安排適合我, 非常感謝', '感謝老師帶領我進入這領域^__^', '感謝老師用心的製作課程，讓我對機器學習有初步的認識!', '之後也會看書慢慢充實的。', '將機器學習大致上的介紹，對於像我這樣的初學者而言，是個適合的機器學習入門者課程', '適合入門機器學習，再搭配其他書籍或課程自己進修學習，並參加老師提的Kaggle網站去看文章與比賽，能更加精進自己資料分析與預測的能力，收穫很多', '對於初學者入門很有幫助', 'good course', '教得很清楚', '學習到了很多東西', '課程搭配部落格的方式提供完整的資源給學生選擇學習，如果只是想對機器學習初步認識，大致看過影片就能了解內容；如果想學機器學習實戰能力，也能透過老師講解及部落格的程式碼逐步學習，是堂令人獲益良多的課程！', '老師講解詳細', '對於新手來說，是個很棒的課程\n觀念解釋得很好', '老師用案例說明，學得非常快', '講解非常的清楚，直接帶初學者學習Kaggle實戰', '觀念解說很容易懂', '老師提供很多工具 對於新手也不會有不容易理解的地方', '觀念解說很容易懂，也有筆記文章方便重點回顧！', '介紹很多工具的使用，也帶著學生一起走過很多課程，推薦～\nMedium 上面都可以重溫上課內容也很方便！', '老師認真讚', '雖然機器學習還有很多東西沒被提及, 但此課程能快速給予新手了解機器學習的面貌, 對於初探機器學習的同學很有幫助!', '非常詳細教學的', '這是一個很可以輕鬆上課的入門課程，對於想要踏入這個領域的人可以有個初步的認知～', '很實用，講解也很清楚!', '我上過吳恩達開設的deep learning才來的，這門課在實戰方面有不錯的介紹，讓我補充了一些實戰工具例如pandas,sns等工具的使用方法，雖然關於理論的部分都沒有太詳細，但是課程時數也不多，可以比較快的入門Kaggle或者實際面的一些分析\n作為機器學習第一堂課的話建議去上林軒田或吳恩達的，回頭再來這邊接觸一些實務應用的部分', '老師講解非常的清楚，直接帶入Kaggle實戰是一大特色', '老師很專業 \n讓乏味的資料科學變的津津有味\n希望老師可以開進階的資料分析或機器學習課程', '看完了整套課程，也開啟我的kaggle競賽之路。希望講師能再開設其他的實作課程！', '非常適合入門的課程，由淺入深，觀念解說清楚', '收穫良多！', 'Good', '非常適合入門的課程，由淺入深，觀念解說清楚，沒有多餘冗長的內容，值得推薦！', '獲益良多', '非常詳細實用的課程！\n適合已經有一些python底子 但又不了解機器學習的初學者＾＾\n大推！', '老師講解非常的清楚， 教材豐富且可在medium直接看。', '老師教得很棒，只是自己吸收有限^^，還要再加油!', '由淺入深，受益良多。', '雖然課程的講述我覺得有點快,但是有詳細的教材文章輔助', '課程深入淺出，很能夠感受到老師的專業，討論區部分老師也很耐心回覆，謝謝老師！', '很棒的課程', '老師講的很仔細', 'CNN觀念清楚帶實作', '深入淺出，很適合初中階學習者。', '對基礎的機器學習是很好入門的課，再搭配Kaggle實作課程，更可了解實務是怎麼應用，\n課程內容與概念又講得淺顯易懂，非常好吸收！', '講得內容淺顯易懂, medium上發布的內容非常適合複習！', '內容清楚，對初學者很有幫助', '只要有一些程式跟基本的高中數學基礎，就可以透過這門課程快速進入機器學習領域，非常推薦', '很棒的課程，cp值很高', '老師講解非常的清楚，\n教材豐富且可在medium直接看。', '老師講解的很詳細，也有很多課外的補充資料與書籍可以參考，對於想要入門機器學習與資料分析真的是幫助很大。', '上完以後，對機器學習有一些基本的認識，還不錯的一堂課。', 'Real examples with hand on experience.', '入門概念講解清晰，並提供許多門路給想更進一步深造的人', '對初學者來說，真的學習到很多。', '內容淺顯易懂，在老師在medium上所發布的內容非常方便用來複習，歡迎初學者可以來這學習唷。', '老師用淺顯易懂的方式講解資料分析的基礎技巧, 很有效的幫助初學者快速了解資料分析的概念！', '覺得教材寫在medium上面很不錯，很詳細也方便複習，內容也很適合入門機器學習這個領域', '老師從基本的語法到實際用kaggle題目來講解都非常的清晰。學程式語言就是要有入門的好教材以外，還要有更多時間去自學才能學好。這堂課會是很好的python資料分析入門！', '講到很多很重要的東西，運用套件可以快速的上手\n也有提到非常多實用的觀念！', '可以學到很多!', '以入門來說，內容很棒，能的話希望能做個更進階，會在工作上運用到的例子，並做個詳解', 'James老師很仔細地從淺到深逐漸帶入，也介紹幾個很實用演算法和實作過程，若有問題老師也相當積極的了解與協助。', '不錯的課程!', '很好玩', '從無到有，可以完整建立觀念和實戰', '是我所期望的課程內容', '老師上課非常用心,講義也寫得很詳細,非常實用', '對於初次寫程式或第一次踏入Python及資料分析領域的人，這是一堂不錯的課程，透過教學一步一步理解怎麼做，並且也有線上的講義可參考。', '老師上得很好!!', '老師很用心，如果有問題都可以留言，老師也會盡力回答\n課程內容講解的滿清楚的，可以減少很多入門的摸索時間', '推!  老師講解的很詳細', '課程很清楚易懂，有問題老師也都很快的回覆～～ 覺得讚！', '老師教得很好呦', '老師親切、和學員有互動', '介紹了幾個機器學習經典的演算法和實作內容\n課堂上舉出的例子也很能夠實際幫助我，加深對內容的了解', '課程由淺入深且精要，減少摸索期的不適。', '收穫很多,老師也很即時的在FB社團回復學員的問題', '老師的課程講解非常詳細 \n實際上如果遇到問題可以以透過社群聯絡老師協助\n希望可以有更多關於實務上應用的Part\n謝謝', '認真教學的老師！', '老師很用心']}","['課程內容豐富、深入淺出，適合初學者入門學習。', '老師講解清楚、口條清晰，且願意替學生解答問題。', '評價普遍讚賞，推薦初學者參考，收穫豐富，CP值高。']"
1,資料科學：Azure 機器學習工作室入門,4.8 Stars, 10 則評價,課時 126 分鐘,同學 196 人,NT$890,"{'評論標題': ['Azure Machine Learning', '推!', '適合初學者', 'nice class ', '學完會對azure操作有基礎認識，另這門課對入門機器學習可能可以再多些說明', '課程評價', '很好的入門課程', '內容清晰易瞭 ', '完整且詳細的內容', '資料科學：Azure 機器學習工作室入門'], '評論內容': ['這個課程很適合從未學習過程式語言，第一次接觸機器學習，想進行大數據分析的人。', '適合想要認識資料科學的人', '適合沒接觸過r、python初學者初步了解機器學習', 'A nice class for everyone who wants to learn more about AI machine learning.', '看完一次後實際操作可以知道從資料分析閕始，如何把資料做選取及整理，包括特徵工程及補空值，找出適合分析的欄位，再選取適當的模型去分析這些資料，例如二元分類或是決策樹的方式去檢定這些資料引申出的結果，進而可以知道這些模型是否正確。可以對一整個資料分析及機器學習流程有大致了解。\n但我覺得如果沒有一些統計分析的相關知識，可能不知道這些方式的參數要如何設定會比較適當，之後可能不知道要如何使用這些模型在實際的資料當中。', '老師教得很用心，架構整理也很棒，很推薦', '雖然R和Python的功能很強大，\n但對大多數人來說，\nAzure Machine Learning Studio是很方便的入門工具，\n功能其實也不弱。\n希望未來能開有關AMLA更進階一些的課程。', '課程循序漸進，很有收穫！', '對Azure的瞭解有了基礎的認知，建立了之後想更進一步的基礎，推薦給想學習的大家！', '適合想學習AZURE的同學~~\n但建議可能要有點機器學習、統計、PYTHON的概念比較能上手這門課唷!!']}","['適合初學者：多位學員表示這門課程很適合初學者，能夠讓學員對Azure操作有基礎認識。', '內容清晰易瞭：學員普遍認為這門課程內容清晰易懂，且完整且詳細。', '入門機器學習']"
2,AI 行銷學：用 Python 機器學習創造商業新價值,4.44 Stars, 9 則評價,課時 674 分鐘,同學 331 人,"NT$3,888","{'評論標題': ['即戰力的課程!', '講解清楚，內容實用', '循序漸進建立觀念,最後實務操作', '有效協助資訊背景人員以商業的角度思考', '可能會聽得一頭霧水', '師父領進門 修行在個人', '是一門良好機器學習基礎練工的入門題材', '著重業界角度看資料行銷', '非常推薦'], '評論內容': ['學到很多商業實戰的分析和模型\n也有提供很多實用的模組可以實際套入我們的需求中!\n', '不只有程式碼及模型教學，老師更從商業角度讓學生了解在實務操作上該採取什麼樣的切入角、以便讓老闆認同自己的分析結果。\n課程時數長，內容也多，可以先快速看完各單元後再挑自己不太熟悉的部分反覆練習。', '老師上課方式是以先講解該章節欲帶入的主題,\n循序漸進建立觀念,最後實務操作程式碼等\n較著重於觀念及行銷意涵\n', '以行銷的觀點解釋資料，可幫助非商背景的資訊人員，更容易在演算法上加上商業的角度', '講師的上課方式比較適合線下課程：補習班或講座\n線下課程因為不能重播、而且學生眾多，需要針對操作性的細節不斷重複說明，而且不能太複雜，以免有人跟不上\n\nHahow的線上課程，其實不會有這些問題\n所以可以講得更深入，操作性細節也不需要一直重複講\n\n\n對於模型的原理講解的也是講不清楚\n「詐欺偵測」章節那邊，甚至連哪些變數重要 都沒有提到，直接說模型結果很好，省很多錢\n讓人一頭霧水，這個預測到底是怎麼做出來的\n這樣不求甚解的操作，感覺很危險\n\nLIME模型的使用情境，什麼時候該用，為什麼要用，模型是怎麼做出這個結果的\n也是沒有講得很清楚，我也是另外再去查，才終於搞懂老師在做什麼\n\n整體而言，課程的架構真的有點亂，講完XGboost，又回頭講羅吉斯回歸、又跳去講決策樹。\n建議先完整介紹基礎模型，完了再往變化型去介紹', 'Joey您好！ 非常感謝您的回饋與不吝指教！\n\n以下也簡易針對您的指教提供回饋\n\n在設計本門課程的時候，期望能將專案幕後的細節分享給各位學員，讓各位學員能夠學以致用，能彈性修改，符合自身需求，這部分我會參酌您的意見，持續努力~！ \n\n有關於套件部分，我也竭力在實戰模組前分享模組中的細節，例如：利潤評估模型方法大解密、節流省錢清單實作等單元，也期望循序漸進，帶學員一同了解相關的商務管理意涵\n另外，同時也希望學員能對此門課提供的模組內容更深入了解，在面對多變的資料型態能更易變通。因此才會教大家作套件內容的細部操作，以期達到雙重效果。\n\n模型的原理部分，在【章節4 商務分類模型概念 & Python實戰】有進行一系列的說明，同時在4-3、4-4與4-5老師的話中也有原始模型原理的補充教材哦，非常歡迎您參考\n\n詐欺偵測的部分，為求真實呈現，使用的是部分實際資料集，所以變數有做一些去識別化的處理，變數在課程單元也有透露一部分，詳細部分可以參考【章節6-1 詐欺偵測分析 - 情境與資料變數介紹】。若您欲了解相關的變數重要性，可以試著參考【章節6-4 Python實戰 - 節流省錢清單實作】與【章節7-總體服務體驗分析】，嘗試練習看看哦。預測可以參考【章節5 開源獲利實戰】所使用的模型哦。\n\n後面在服務體驗分析單元部分，我會再次談到XGboost、羅吉斯回歸與決策樹的部分原因主要是為了讓各位學員再次複習模型的基礎，再理解該些模型如何更深層次應用在服務體驗分析\n\n再次感謝您的指教，我會更注意細節的部份，持續努力並改進 ~！', '整個課程圍繞在三種模型。使用這三種模型的各種相關應用。', 'James Wang您好！\n非常感謝您的回饋與支持！我們課程主要圍繞在XGBoost、logistic regression與Random Forest，盡力發揮三種模型所長，讓機器學習的商務變得更易入門！ \n真的很感謝您的支持！', '整體的說明均十分順暢，即使未具備python撰寫之能力\n老師亦簡單說明相關重要之python基本技巧\n但是，仍要再自行去吸收其他不懂之套件內容，才能融會貫通本課程。']}","['課程內容實用，循序漸進建立觀念，最後實務操作。', '有效協助資訊背景人員以商業的角度思考，著重業界角度看資料行銷。', '師父領進門，修行在個人，是一門良好的機器學習基礎練工的入']"
3,Python 資料分析：AI 機器學習入門到應用,4.32 Stars, 19 則評價,課時 902 分鐘,同學 757 人,"NT$2,180","{'評論標題': ['Beginner: 請參考範例1-6-2乳癌預測資料集解決過擬合.ipynb作答 . 請問在何處與如何下載範例1-6-2.ipynb', '心得', '有很多地方（專有名詞）表達不清楚', 'Python 資料分析：AI 機器學習入門到應用', '完全不知道在做什麼', 'Python 資料分析：AI 機器學習入門到應用', '內容豐富', 'Python 資料分析：AI 機器學習入門到應用', '讚', '很棒且踏實的課程', '很棒的課程', '還行吧', '課程內容豐富多元', 'Python 資料分析：AI 機器學習入門到應用', '深奧機器學習的入門課', '感謝教學', '課程很棒', '課後結果之評價回饋', 'none'], '評論內容': ['Beginner: 請參考範例1-6-2乳癌預測資料集解決過擬合.ipynb作答 . 請問在何處與如何下載範例1-6-2.ipynb', '在雲端硬碟共用連結：https://drive.google.com/drive/folders/1x7zQrRwT8mMKcityLe5hBXkr56BuQ4It?usp=sharing\n請先登入您的Google雲端硬碟，再點上面連結，以後在與我共用就可以看到', '程式範例多元 ! 但就於課程內容量和講義講解方式對初學者可能稍顯吃力，例如需要看完後面程式範例講解，才能理解前面某些的講義說明是甚麼意思。', '謝謝評價，已經開始製作加值版，將第一章中部分單元抽出改以簡化方式介紹，預定11月完成上線，歡迎屆時回頭看看提出指教(學員都可以免費回看)。', '有很多地方（專有名詞）表達不清楚（這個課程內容算是進階的，難度也是較高的）。', '感謝您的指教，希望可以重新看看還有什麼地方有問題，可以利用問題討論的方式進行互動。本課程提供程式碼希望讓新手先實作再熟悉語法，先有完成操作的成就感，才不會一開始就卡關在指令語法的挫折中。另外因為都看不到您的作業繳交，建議可以試著繳交一些作業，老師可以透過作業協助確認您的學習情況，看看怎樣協助您成長。', '1.    老師的上課模式會照著講義念，而且講義的內容大多為文字敘述，鮮有圖表。導致學生學習的當下，會不懂這段話到底想表達什麼意思？後面會有實例操作，也是逐行念過去，部分核心超參數也沒有解釋。覺得上課的效益等同於去書籍買書自修。\n2.    個人認為可以解釋一些模型的原理，將原理以簡單的口吻解釋給同學聽，這邊給一個參考影片：『https://www.youtube.com/watch?v=Lms4cB57Nq0&ab_channel=PyInvest』。\n3.    假如同學希望上完這堂課，能夠參加kaggle競賽並得到良好的leader board成績，或是想要餐與公司ML專案，那麼這堂課比較不適合您。\n4.    上完這堂課，是否能考取TQC+證照？答案是肯定的，雖然課程內容比較難聽懂，但是TQC+考題固定且簡單，所以將考試題目不斷練熟，一定會通過！\n5.    綜合授課方式、內容、時間以及費用，絕對值得3顆星，整體CP值偏中上。\n「謝謝老師錄製這些教學影片」', '感謝您的指教，希望可以重新看看還有什麼地方有問題，可以利用問題討論的方式進行互動。本課程提供程式碼希望讓新手先實作再熟悉語法，先有完成操作的成就感，才不會一開始就卡關在指令語法的挫折中。', '我十幾年前大學唸統計，碩士唸數學，理論都明白，是來學寫程式的。在上這個A.I課之前，我已經特意上了Python入門特訓 & Python爬蟲特訓，那位老師教得很好。然而，這個A.I.課真的不行－－理論講得太冗長，實例卻太簡陋，只是開著一大篇早已完成的程式碼逐行讀。我既不知道寫那程式的背景和目的，也不知道是跟著什麼邏輯怎樣寫出來的，又不知道當中一些程式碼的用法，還有各個參數的意思。非常抱歉，我一定要破例給個1星才行，因為真的完全學不到東西，好失望。', '感謝您的指教，有關您的意見，回應如下：\n1.本課程是依據TQC+人工智慧-機器學習證照的技能規範編製，由一群在人工智慧/機器學器領域研究很久的老師與具有實務經驗業界人士訂定，根據這個規範，相關理論我已經儘量用精簡的方式介紹。希望可以重新看看還有什麼地方有問題，可以利用問題討論的方式進行互動。\n2.實例大多數為證照相關考題與各套件原始文件實例，很抱歉必須納入介紹給有志考取此證照的學員。本課程提供程式碼希望讓新手先實作再熟悉語法，先有完成操作的成就感，才不會一開始就卡關在指令語法的挫折中。', '內容豐富，實例多', '感謝評價，一起成長。', '實例多', '感謝評價，一起成長。', '課程內容充實，範例說明充足。', '感謝評價，一起成長，邁向資料科學家之路。', '讚', '感謝評價，一起邁向資料科學家之路。', '老師不光只是舉例和講解程式語法，還介紹並說明理論基礎，加上老師的用語都很親切，讓我覺得透過這門課，了解什麼是「機器學習」、為什麼要學習它及它該如何應用，是很踏實的一個學習過程。']}","['內容豐富多元，是一個很棒且踏實的課程。', '有些專有名詞表達不清楚，可能需要更詳細的解釋。', '對於初學者來說，有些部分可能會覺得深奧，但是整體而言是一個很棒的入門課程。']"
4,Metashape 3D 掃描 | 你的相機就是掃描器！,5 Stars, 19 則評價,課時 169 分鐘,同學 51 人,"NT$3,540","{'評論標題': [nan], '評論內容': [nan]}",['我無法回答這個問題，因為沒有提供任何課程評價清單。如果您能提供更多上下文或詳細資訊，我會盡力幫助您。']
5,Python 的 50+ 練習：資料科學學習手冊,5 Stars, 10 則評價,課時 1047 分鐘,同學 539 人,"NT$3,480","{'評論標題': ['good', '課後評價', '五星推薦', '不管有沒有學過程式語言，都誠心推薦給大家！', '五星推薦給所有想入門Python的人!!!', '課程扎實！', '資料分析人員必備', '循序漸進，紮實的Python入門課程', 'GOOD', '課程 循序漸進 老師講解仔細', '穩紮穩打的基礎訓練', '課程內容相當完整', '言簡意賅', '推薦', '上課心得', 'good', '評價', 'Python 的 50+ 練習：資料科學學習手冊', '課後感想與評價'], '評論內容': ['good', '謝謝你^^', '花了很多時間終於完成50道練習題，我覺得練習題目對於熟練語法非常有幫助，謝謝有這麼棒的平台跟優秀的老師，真是太幸福了~', '恭喜完課^^ 這門課程因為長度有 17.5 小時、200 個練習題，不是一門容易完成的課程，你真的非常了不起！我會再設計「機器學習的五十道練習」希望有緣再見^^', '目前老師的所有課程都有買  後半段的學習曲線較陡  但配合習題仍能入門  謝謝老師 準備來看第二遍', '超級謝謝 Shen-Ju 一直以來的熱情參與、大力支持，完課已經不簡單，看第二遍真是 Too flattering for me >//<', '在完成課程前，我就決定把老師的課都包了，真的非常喜歡老師的教學方式，除了建立學習成就感之外，還可以感受到自己的進步！不管有沒有學過程式語言，都誠心推薦給大家！\n如果已經學過Python基礎，在這堂課上你可以學到更多關於資料科學的內容，從資料操作、資料分析、資料處理到建立模型，耀仁老師都會以Exercise Based Learning的教學方式，上完課程內容就讓學生做練習題，並在練習題之後解釋每個題目，加深我們對各個單元的印象！\n如果完全沒學過任何程式語言，這堂課也可以帶你從0到1，從什麼不會到入門資料分析師。耀仁老師的課程都是由淺入深、循序漸進，看完第一次不會也沒關係，就再看一遍，看了很多遍還是不會也沒關係，也可以利用平台直接請教老師，老師都會在兩三天內回覆！\n只要持之以恆並多加練習，相信大家都可以透過這門課成為資料科學家！', '超級謝謝藝璐一直以來的熱情參與、大力支持，更多的練習題我推薦可以去試試看 Codewars 與 Leetcode 這兩個網站，也可以搜尋 ""100 Days of Code"" 應該會有海量的練習題可以讓你挑戰^^', '身為資料分析師，最常使用的工具是SQL，應用情境大多是SQL拉數字後匯入google sheet/BI軟體再做進一步的分析，這樣通常能滿足大部分來自業務單位的分析需求，但是如果要處理比較複雜的商業問題，例如如何知道消費者是否會流失，或是如何了解消費者的行為輪廓，這些就不是用SQL能容易回答的問題，也是我當初想學Python最主要的原因。學會Python之後，分析師能處理的問題變得更廣，也更有機會參與比較複雜的專案(商業應用的潛在價值通常也比較高)，進而放大自己在資料分析職涯的影響力。\n\n這門課的設計由淺入深，從基礎的資料定義、資料處理，一路到進階的資料科學模型，老師將每個章節都切分成小單元，清楚講解每一個重要觀念，讓我在學習時不會有太大的壓力，各章節也都有足夠份量的練習題可以驗收自己的學習成果，練習題詳解也讓我從觀摩老師解題的過程中，了解到更多程式設計的觀念與技巧。非常推薦這門課給所有想開始學習Python的人，即使沒有任何程式語言基礎(我當初就是)，只要對程式設計有好奇心，透過這門課豐富且紮實的學習，相信一定都能成功將Python納入自己的職涯工具包當中！\n', '感謝 Phil 一路以來的大力支持！我會繼續努力的（握）', '每個單元老師都充分講解內容 + 練習題演練，覺得有練習題讓自己思考單元重點非常重要，也有實戰練習的機會，不過練習題當中有些小技巧（轉換處理類型等等），在主要課程中沒有特別提到的話進行起來會有點小吃力。', '恭喜完課^^ 這門課程因為長度有 17.5 小時、200 個練習題，不是一門容易完成的課程，你真的非常了不起！非常感謝你的熱情參與，也謝謝你給我這麼好的課程評價和心得回饋 :)', '極好的課程，希望老師能夠推出更多課程!!!\n謝謝', '恭喜完課^^ 這門課程因為長度有 17.5 小時、200 個練習題，不是一門容易完成的課程，你真的非常了不起！', '不是一門能輕易完課的Python入門學習，但是老師從基礎概念開始延伸，學習過程不會有壓力。雖然練習題很多，能夠完成所有題目會很有成就感。', '恭喜完課^^ 這門課程因為長度有 17.5 小時、200 個練習題，不是一門容易完成的課程，你真的非常了不起！回覆作業與問題討論是重要的教學環節，我會努力維護的 :)', 'GOOD', '謝謝你^^', '課程 循序漸進 老師講解仔細 很適合學習']}","['課程扎實，循序漸進，適合想入門Python的人。', '老師講解仔細，課程內容相當完整，適合資料分析人員學習。', '課後評價五星推薦，課程內容言簡意賅，並提供了大量練習，是一本資料科']"
6,手機 App 開發入門：App Inventor 2 實作,4.95 Stars, 19 則評價,課時 828 分鐘,同學 272 人,"NT$1,600","{'評論標題': ['完課心得', '課程心得感想', '給予課程和老師的評價', '有模板可以套用對我的工作有很大的幫助', '線上課程可反覆練習很棒', '完課心得', '課程心得內容', '課程心得與感想', '收穫滿滿的課', '值得一上課程', '好好學習，努力之後收穫豐富', '課程心得與感想', '課程心得與感想', '完課心得', '新手根本看不懂', '心得', '心得', '很棒的課', '很棒的教學內容', '從理論到實踐得以融匯貫通', '超讚的課程, 打通了我在深度學習領域的任督二脈', '期待已久', '非常完整又實用！物超所值！'], '評論內容': ['課程內容很豐富，可以學習到許多深度學習的應用。\n雖然老師當時錄製課程的時間點離我現在上課的時間有一小段距離，導致部分程式碼會無法運行。但學習程式就應具備除錯的能力，如果有無法解決的也可以詢問老師，老師都會很詳細的替大家解惑。', '感恩同學提供的建議\n特別欣賞同學除錯的能力\n雖然是新手入門課程\n其實人生就是不斷的嘗試>>除錯>>成長\n所以，除錯應該是很重要的技能\n恭喜同學一路走來到完課\n學到深度學習應用，又具備除錯功力，很棒', '在這門課程中，學到許多深度學習的應用。建議有程式基礎的人上比較好，不一定要有python底子，如果會c/c++等等的同學看程式碼比較不會到太吃力。課程適合給AI新手試試水溫大概了解AI的實作與應用，程式碼都是附上老師已經打好的，所以只需按照影片一步一步執行即可。有些無法執行的部分都可以去問與答看同學是否遇過類似的問題，即使還是找不到原因，發問後老師也會幾天後解答。比起遇到程式無法執行找不到原因很挫敗無法持續課程，真的遇到不會的問題的時候有老師可以解答真的很棒!\n課程內容真的相當豐富，雖然每堂課的影片短短的裡面卻含有很多的內容，老師也都很真誠的幫忙改作業與協助問題，感謝老師的用心。', '感謝同學寫的滿滿的學習心得\n同學的用心老師很感動\n豐富的課程就需要如此認真的同學\n更可貴的是開始具備除錯的功力\n遇到解不開的疑問，非常歡迎同學提問喔', '一個多月的時間,上完了這門課程,真的非常受用,老師的解答也很認真和專頁,\n課程的單元都是很實用的部份。', '感謝同學的肯定\n老師有看到您的努力學習\n深度學習在各領域越來越受到重視\n相信不久的將來，同學的收穫會更多', '有模板可以套用調整，可以快速進入實作，對我的工作有很大的幫助', '感謝同學真情回饋\n課程的初衷就是[實作、實用]\n對同學的工作有很大的幫助\n老師的辛苦都值得', '雖然線上課程無法跟老師即時溝通, 不過可以隨時暫停, 回聽也很棒, 臨時忘記也可以再重新複習。', '好學校是非常優質的學習平台\n同學能完成課程學習，老師非常開心\n看似困難的AI深度學習\n在反覆練習後，其實駕馭AI工具並不難喔', '課程內容很豐富，老師會在課堂上詳細的介紹每個步驟的功能，並且就算第一次聽不懂，也可以多重複看幾次，就能越來越了解了!課堂中也有許多深度學習的實作案例，感謝老師的教導!', '恭喜同學完成課程\n很高興同學能課程實例中學習與收穫\n相信在未來的AI領域中\n成就是屬於認真付出,反覆練習的同學', '以初學者來說，這堂課算是淺顯易懂，老師都有解釋程式碼的作用，而且如果因為年代久遠導致版本不一樣或不相容也可以透過問答去找過往別人提問過的問題解答。', '感謝同學的評價與分享\n能夠幫助到初學者，老師很開心\n看到同學完成課程有所收穫\n還可以練就主動解決問題的能力\n老師更是開心\n同學很棒，衷心祝福同學順利成為AI深度學習高手', '學到很多關於深度學習的觀念與實際操作案例', '謝謝同學的回饋與評價\n這門課強調的就是案例實作\nAI深度學習要能夠實際應用才是高手', '學習到很多機器學習的應用，真的是獲益匪淺，威見大家來上課!', '感謝同學真情推薦\nAI深度學習的應用範圍很廣大\n國際上各領域已有非常多的案例應用\n只要認真上課與勤加練習\n一定有意想不到的收穫喔', '覺得現在AI在生活中的應用越來越普及\n在老師深入淺出的課程教學下\n能夠扎實的了解AI是如何運作如何訓練\n實戰演練的作業和情境則是讓人不只是紙上談兵的學習\n真的學到很多', '能札實的完課! 同學很棒喔!\n老師更希望同學可以將所學\n多多應用在實際的場域\n因為未來的工作與生活都少不了AI\n很讚喔! 加油!', '難度高，需要多聽幾次\n靜下心來好好學習，努力之後收穫豐富，是市面上少見CP值高且內容豐富的課程', '同學您好:\n看到同學收穫滿滿，老師非常欣慰\n這就是94AI課程得初衷\n過程的付出，終將收成與成就感\n祝福同學在深度學習領域功成名就\n(這領域其實非常缺實作人才)\n同學給老師的珍貴建議\n老師會在後續課程增列與加強\n謝謝同學', '學到很多關於深度學習的觀念與實際操作案例，受益良多\n謝謝老師的指導']}","['課程內容豐富且實用性高，對工作有很大的幫助。', '線上課程可反覆練習，讓學習效果更好。', '教學內容從理論到實踐都很完整，讓學生收穫滿滿，物超所值。']"
7,超快速 iOS 實用開發入門～學會6個APP,4.55 Stars, 11 則評價,課時 956 分鐘,同學 379 人,"NT$2,200","{'評論標題': ['希望有新的版本', '學到很多', '課程內容老舊操作畫面與實際目前版本差異很大', '對非本科初學者蠻有幫助', '課程版本過時不適合新手', '很好理解', '課程完整', '對初學者或剛入門的人很有幫助', '內容豐富實用', '如同課程名稱可以快速了解ios軟體開發過程', '非常棒的課程~對於初學者也不會覺得學習痛苦', '快速學習ios第一品牌', '簡單扼要，初學者友善', '很接地氣的課程', '挺不錯的', '快速上手有幫助', '這個課程太棒了', 'Ios 開發教學', '很清楚的課程'], '評論內容': ['比較好自學', '我們在4月底前會全部更新到最新版本，再請等我們一下下：）', '都很好', '課程內容老舊操作畫面與實際目前版本差異很大,花很多時間 停滯在找目前版本與課程內容差異,對個人而言,效果不是很好', '非常謝謝同學的建議與說明，帶給你如此不良的上課體驗我們深感抱歉，未來開發新課程時也會留意這樣的狀況。\n程式開發與科技產品日新月異，隨著新的 mac 與 iPhone 不斷推陳出新，iOS 的開發過程亦是如此，藉此讓開發者能更為方便輕鬆。\n然而購課同學以及你所遇到的問題，我們皆已盡快提供最新解決方法或參考程式。還是造成你的不佳體驗，再次抱歉。', '可以大致理解邏輯，再去深入\n透過簡易實作再帶到觀念和用法', '陸續更新中', '內部人員自評，以提醒購課前詳加閱讀說明：）', '很好理解，但希望有更新版本的教學', '希望課程對你有幫助，我們會在接下來將近半年時間內陸續更新的', '讚', '因為系統會一早信件通知，有時候看到會疏忽。我們會儘早回覆問題的，謝謝', '簡單的實作能夠帶到很多觀念和用法', '內容豐富實用', '買這堂課程純粹是因為想試著學好手機開發程式，運用在自己的專業上。\n過去曾看書自學java，沒有多久就放棄了。\n也許因為我是文科出身，以為只要光看書就能學好一個技能。\n\n但實際透過這套課程，跟著老師邊打code邊理解ios程式語言，讓我增加了不少自信。\n非常值得推薦！', '之前看到您的回饋，事後一忙忘記回覆，今天重新整理時又再度看到。\n非常感謝您的建議，這的確是我們在授課時，會不小心沒注意到的部分，我們也將繼續設計更容易讓觀看者更容易吸收的呈現方法，以及在內容上，不受語言隔閡，連中學生都能理解的課程。', '因為本身是網頁設計師，對於ios APP開發非常有興趣，終於找到一個適合自己的課程，從基本架構到草稿到進階都非常清楚!很推薦有興趣的朋友來上這門課，價格不貴，又可以獲得很多!', '本身是web.react-native的開發者,最近由於公司專案需求需要撰寫原生ios,\n看了課程也順利將問題排除,也很快速理解ios開發的流程以及swift語言的特性.\n\n對於想入門IOS的同學最讚的選擇!', '謝謝您的建議與鼓勵。\n最近的確有打算推出新的更新課程，並且針對新版的 swift, swiftUI, Firebase 以及 App lifecycle 等內容更新，並完成新的App，因此到時候也會增加一些內容在目前的課程，提醒同學新版的注意事項（或是直接購買新版課程XD），唯獨Hahow這邊的課程開發有其限制，需要通過審核字幕製作等過程，會花費比較多時間（之前有更新過Firebase 就花費不少時間）\n\n另外關於SwiftUI與傳統Storyboard的差別，新學的或是需要多人共同開發的，會建議可以直接學習SwiftUI，Storyboard的好處就是圖形界面，但是相對在重複使用物件與多人開發上會有許多問題。SwiftUI遇到問題就是舊的開發案可能還沒這麼快更上，但是我相信是未來趨勢，也會有越來越多的資源。因此可以的確可以花時間學一學的']}","['課程內容老舊，不適合新手：有不少學生反應課程內容老舊，操作畫面與實際目前版本差異很大，對非本科初學者較有幫助。', '內容豐富實用，適合初學者：課程完整，如同課程名稱可以快速了解ios軟體開']"
8,APP Inventor 2  進階實戰,4.57 Stars, 23 則評價,課時 85 分鐘,同學 116 人,"NT$1,000","{'評論標題': [nan], '評論內容': [nan]}",['我無法回答此問題，因為沒有提供課程評價的相關內容。']
9,App Inventor 2 入門特訓,5 Stars, 6 則評價,課時 141 分鐘,同學 258 人,"NT$1,000","{'評論標題': ['入門AI的優質課程', '全課程', '入門AI領域的優質教學課程', '學習 AI 一把抓：點亮人工智慧技能樹', '學習 AI 一把抓：點亮人工智慧技能樹', '謝謝兩位講師', '學習 AI 一把抓：點亮人工智慧技能樹', '課後感想', '課程內容'], '評論內容': ['課程非常扎實，兩位講師講解得非常清楚易懂，真的學到很多有關AI的知識跟技術，謝謝老師們的教學。', '謝謝國綸，希望課程內容可以為你帶來實際的幫助！', 'good!', '感謝 co fubon 的評價！希望課程對您有幫助！', '講師先透過應用示範, 代入模型原理與模型架構的講解\n透過教學影片與作業練習讓學員可以理解與應用在專案中\n課程內容深入淺出，邏輯清晰\n是我目前在Hahow買過的課程中\n性價比最高的課程', '感謝 Wen 的評價與反饋！性價比最高的課程，真的對講師們來說是很大的鼓勵，希望課程對您的工作或技術有實質上幫助！', '課程很紮實，講解也很好理解，亦提供很多可以繼續學習的管道。\n作業應用廣泛，感覺真的學到很多，謝謝老師的教導。\n\n', '謝謝恩璿的評價，希望課程內容可以幫助到你喔！', '本身是之前沒有接觸過程式語言的人，在上課的過程中，不只在程式語言方面很容易理解，在模型原理上面也講解得很清楚，最後搭配一些實作讓我對這些模型的應用有更深一層的認識。']}","['該課程是一個很好的入門AI課程，適合初學者學習。', '課程內容豐富，能夠全面地介紹AI領域的知識和技能。', '講師授課很好，讓學生學習起來很輕鬆，並且能夠在課後有所收穫。']"
