,課程名稱,評價星等,評論數,總影片時長,觀看數,價格,評論標題,評論內容,評論標題的結論
0,Python 資料分析＆機器學習入門,4.89,202,26058,2151,2500,"['了解python應用', '老師口條清晰，課程內容有趣', '讚', '讚，內容超級充實，老師有料', '推', '推薦初學者參考', '收穫豐富', 'Python 資料分析＆機器學習入門', 'Python 資料分析＆機器學習入門心得', '學習心得', '清晰有條理', '很讚', 'Python 資料分析＆機器學習入門', '非常有價值的入門課程', '詳細明瞭，獲益良多', '讚', '很棒的入門課程', '完課心得', '老師上課內容說明清楚且回答同學問題很快速', '簡單易懂，推薦', '讚', '很不錯的課程', '老師表達能力很清楚', '讚', '不錯的課', '很不錯', '也適合沒程式基礎的同學', '很棒的課程', '不錯的入門課程', '適合有程式基礎的人學習', '課程超棒！！', '還不錯', '非常精華的內容', '對初學者很有幫助', '我應該早點看到這堂課的', '課程完成', 'Python 資料分析＆機器學習入門', '內容豐富充實', '很用心的課程', '很棒', 'Python 資料分析＆機器學習入門', '讚讚讚', 'Python 資料分析＆機器學習入門', '好課推', '內容豐富', '入門好課', '還不錯', '很豐富的機器學習課程', '適合入門', '講述內容豐富', '精彩', '適合初學者', '課程內容有趣', '很棒的入門課程', 'Python 資料分析＆機器學習入門', '老師很願意替學生解答', '很不錯的一門課', '很適合對資料科學有興趣的人', '感謝老師', 'CP值高到不行。', '適合初學者', '收穫滿滿的課程', '基礎知識的快速累積', '機器學習', '講解清楚有趣', '滿不錯的課程', '讚讚', '淺顯易懂', '讚讚~', 'python機器學習', '這堂課惡補後我得到二面機會', '適合非工程師背景的人', '對基礎觀念建立很有幫助', '推薦', '內容豐富深入淺出', '入門好課程', '適合初學者', '感謝老師開立這門課，受益良多', '適合初學者', '適合初學者', '適合入門的人', '很棒的內容', '收穫很大', '課程說明得很詳細', '適合練習實作', '很棒', '深入淺出的教學', '很棒的基礎機器學習課程', '讚', 'Python 資料分析＆機器學習入門心得', '評語', '很棒的機器學習入門課', 'Python 資料分析＆機器學習入門', '物超所值', 'Python資料分析&機器學習課程上課心得', '非常棒', '不錯~適合剛入門學習的小白', '內容充實', '評價', 'Python 資料分析＆機器學習入門', '脈絡已及舉例很實用 ', '適合新手入門', 'OK', '淺顯易懂的課程內容，讓閱者逐步掌握Python', '推薦', '課程架構清楚易懂', '教學仔細、清楚明瞭', '相當適合初學者', '兼顧入門新手及進階應用', '很棒的教學', '適合初學者', '讚', '課程簡單易懂', '搭配medium服用', '不錯', '不適合新手', '講解清楚', '新手入門的好課程', 'Python 資料分析＆機器學習入門', '適合入門者學習', '講的很好', 'Python 資料分析', '感謝老師整理這麼好的課程', '非常棒的入門', '感謝老師用心的製作課程', '謝謝James領入門', '適合對機器學習入門者的課程', '很適合入門機器學習', '關於此課程', 'good ', '適合入門也適合有點基礎的人確定接下來的學習方向', '很適合入門熟習機器學習實做的一堂課', '完整詮釋機器學習的教學影片', '深入淺出', '很好的入門課程', '深入淺出 ', '適合初學者', '觀念解說很容易懂', '老師好認真', '解說很清楚易懂', '介紹非常多工具與實用建議', '對初學者有用的好課程', '幫助新手跨出機器學習的第一步', '非常詳細教學的', '輕鬆的入門課程', '好課推薦!', '實用性不錯', '適合初學者入門學習 ', '希望老師還可以再上新的東西', '講師很專業', '非常適合入門的課程，由淺入深，觀念解說清楚', '收穫良多！', '非常豐富的上課內容', '深入淺出，重視實作', '講解非常清楚', 'Very Gooo!!!!', '適合初學者入門學習', '老師教得很棒!', '受益良多', '推薦', '課程深入淺出，感受到老師的專業！', '很棒的課程', '老師講的很仔細', '觀念清楚', '深入淺出，讚!', '淺顯易懂又兼實戰內容的好課程', 'James, 讚！希望老師在開進階的課！', '對新手很友善的課', '淺顯易懂的入門課程', '講解清楚', '非常適合初學者入門學習', '難易適中，很適合入門', '課程內容還不錯，很適合入門', 'It is really helpful!', '門路資源多', '講解清楚', '非常容易懂的課程', '非常適合初學者入門學習！', '教材很棒', '容易入門又不失深度的好課', '作為入門是非常棒的課程', '內容充實', '作為入門很不錯', '課程扎實且符合預期', '深入淺出', '不錯阿', '入門推薦', 'Good', '實用的課程', '實用的課程', '老師上得很好!!', '減少很多的入門摸索時間', '講解詳細', '講解的很清楚', '很實用的課程', '內容充實', '內容實用', '實用', '很受用的課程', '優秀的講解和說明', '課堂評價', '讚']","['我原本是個幾乎不懂什麼程式語言的人，這堂課讓我學到很多，讚!', '建議想買這門課的同學可以先有一些PYTHON基礎，在學習上會更好銜接!\n老師在課程上的編排很棒，比起學校的理論，這門課更著重在實作面，喜歡喜歡~', '很有幫助，可以快速對AI以及套件使用方式有初步了解；\n雖然每集影片短短的20min，但作為一個初學者，大概都要花兩個小時才能釐清每行code的心思。', '讚，內容超級充實，老師有料', '推kaggle', '老師提供許多範例及圖解，講解詳細，讓初學者易於上手，也推薦了許多相關學習資源可以參考，讓學習上更有方向，謝謝。', '講解清楚', '這門課程對於想踏入機器學習的人會很有幫助，但建議先具備Python的基礎知識再來上會比較好', '老師講解清楚，讓初學者可以很快的上手。\n謝謝老師！', '個人背景：學習過前後端的技能，剛接觸Python和完全沒接觸過機器學習\n\n1. 對於一個機器學習零基礎的人來說，是個很好的入門磚，可以知道常用的機器學習model，還有介紹一些大神、延伸資料，可以做進一步的探討\n\n2. 對於有些內容，比較淺入淺出，要真的理解一些機器學習的原理，需要自己再研讀資源理解\n\n3. 我是衝著Kaggle比賽的內容購買的，整體來說，讓我對參加Kaggle基礎比賽，有完整的理解，也提供我一些方向性，我認為我可以在未來兩三個月，自己完成比賽看看。', '講師口條清晰有條理，內容豐富詳細，並有實作。', '老師講的很詳細又好懂', '內容充實，很棒的入門課，讚 !', '慶幸自己買的是線上課程，好課值得一看再看!', '感謝老師指導\n如此帶領之下真的比較清楚AI模型的使用過程了。\n面對之後的學習也比較有頭緒。', '讚', '由淺入深的課程內容\n講義簡潔美觀\n搭配老師清楚的解說\n對資料分析有了基礎的認識\n也提供很多課外課程和書籍\n讓我們可以再精進相關能力\n謝謝老師', '課程簡潔有力，有實務訓練，很棒。', '葉老師是很有耐心回答同學問題，即使非在上課相關內容只要和python資料分析有關係都願意回答，是值得花時間學習的課程。\n後面解鎖課程部分雖然我大部分聽不懂，但也很有參考價值，可以知道在這機器學習以後的努力方向。\n如果對於機器學習有心深入研究，老師也有提供參考書和相關資料可以自學，我覺得上這門課是很值得推薦的入門課，可以開啟對python的概念知道程式設計可以做的事情，但有些電腦運算的基本概念可能要自己花時間去學習，對上這門課會更容易聽懂老師上課內容。\n', '老師上課講解非常詳細，還會搭配他自己撰寫的文章，非常推薦大家上這堂課!', '讚', '內容講解非常適合新手', '老師表達能力很清楚', '讚', '原本聽到機器學習都會怕怕的，但其實一步一步慢慢跟著學，就不是那麼難了。', '如題  會對資料分析跟機器學習有初步了解', '推薦', '老師上的課程是基本的入門，得以了解機器學習到底是甚麼。\n\n講得很清楚，自學上面沒有問題!', '課程資訊我覺得整理得很不錯，不過對沒有python基礎的人會有點吃力，雖說如此，其實在學的過程中從提供的程式碼試著把玩並上網搜尋相關意思其實也可以學得起來~', '適合有程式基礎的人學習', '淺顯易懂適合入門學習！', '沒基礎會學得比較痛苦', '非常棒的課程！\n雖然上完了所有的課程，但是還是有很多地方不太能理解程式運作的原理。\n需要反覆地複習才能更深的理解每一行程式運作的方式。\n有遇到任何問題都可以到FB的社團搜尋或者是直接留言詢問老師。\n老師的回覆速度非常迅速，可以馬上得到回覆。\n', '課程內容很實用，也講解得很清楚，在FB社團也可以隨時發問，老師都會很快回答問題! 謝謝老師', '收穫良多', '課程十分充實。多謝導師教導。', '作為初學者可快速上手機器學習相關內容，很推薦聽課！', '學到很多觀念，老師也介紹很多書籍跟相關資訊，還要多花時間去研讀、實作。', '老師上課內容非常精實，從中學習到很多運用方式還有之後可以參考的學習網站', '感謝老師', '講解得很仔細', '超詳細的講解，感謝老師無私的分析，真心希望有後續的課程可以學習', '超詳細的講解，感謝老師無私的分析，真心希望有後續的課程可以學習', '讚', '內容豐富，且提供許多課外補充資源', '簡單清楚，入門好課！！！值得推薦～～', '講解清楚~', '機器學習內容稍微硬了點\u3000有些理論需要自己另外去理解\n不過分享了很多內容跟資源\u3000提供有興趣的人去利用', '老師由淺入深的教學，不過我覺得比較適合稍微有一些程式基礎還有稍微碰過機器學習的人，不然課程會聽得不是很懂。老師講課內容豐富，講解的很清楚，發現到還有很多數學相關知識要去補，老師也提供很多自學資源，讓我收穫滿滿，謝謝老師！', '老師講課內容相當豐富，畢竟一門時數不到10小時的課，無法很深入的介紹，但老師都有提供方向和參考，讓有興趣的人能夠更深入了解，也會為同學解惑，受益良多!', '精彩', '受益良多，謝謝老師', '課程內容有趣且實際', '我是完全沒有相關背景的初學者，但也能容易地跟上老師的腳步', '很完整，但需要多花些時間吸收', '我是python 初學者，在上課常常遇到問題，但老師都願意指導，很感謝老師', '因為想對機器學習有約略了解所以買了這門課，老師由淺至深，用許多實際的範例幫助學習，過程中發現機器學習真的很吃數學知識，對於高中畢業後就把函式什麼的全部還給老師的我來說，根本鴨子聽雷 ><，後面的課程真的就只能聽聽而已，覺得可惜，只能等我加強能力後再來二刷了。', '課程講到的範圍非常多，James盡可能把內容講得很容易懂！\n也提到許多大神、可以自我學習的參考資料！', '滿星滿星❤', '這堂課讓我收穫滿滿，如果以後老師有開其他課，真的會手刀購買！', '快速對機器學習有概念\n課程提供許多入門的方法\n', '內容豐富收穫滿滿的課程', '快速對於機器學習有一定程度的了解', '受益良多，但某些函數沒有解釋的很清楚', '講解清楚有趣', '可以幫助有興趣做Kaggle 上的專案的人。', '學到機器學習的概念！', '深入淺出的教學非常適合新手，也推薦很多書籍資源提供大家參考。希望未來能有更進階的課程！', '讚讚讚讚讚讚~', '基本操作和概念都很詳細對於入門來說是很好的開始\n也補充許多課外資料供我們參考', '本人程式功力僅有初階，看完得到可以做完大公司的面試題\n不管是數學還是程式都有清楚說明\n真的是我心中的好課(泣泣)\n', '觀念講解非常清楚', '講解很清楚，也用心整理很多補充資料，讓有志學習者可再深化基礎。', '課程說明清晰明瞭，教材用心，若不夠清楚可在Medium閱讀文字，另外也提供其他書籍或是課程給需要更深入學習有一些方向\n', '適合有稍微碰過python想了解機器學習者', '課程講解清晰易懂', '容易入門', '到處找各種書籍和ＡＩ相關的線上課成，這堂課是目前最適合我們這些完全不懂的外行人的課，非常開心能找到老師的課，受益良多。', '老師課程只要花點時間去理解，就會覺得非常容易入門。', '講解清晰 易懂易操作', '課程講解清晰易懂', '很棒的內容，很多的額外學習資料。', '對於入門的人來說是很好上手的課程\n老師提供的相關資源也很多~', '課程說明得很詳細', '如對實作沒經驗,很適合上這門課\n如想學深入的理論知識,可考慮其他課程\n上課遇到問題可在fb社團發問,講師會回復', '學到很多技巧 很直得', '這個課程提供入門者很清楚的邏輯，也分享很多後續繼續學習的資源', '對於新手來說, 是一個非常棒的課程體驗, 雖然還希望能針對更多的模型做講解\n但其實已經非常好了\n感謝~~', '老師口條清晰，講的也很好!', '深入淺出的講解，對於想要一探 資料分析＆機器學習 的學習者來說，不外乎是最好的入門課', '適合初階學員', '算是 data science 的入門課，我覺得側重在資料處理的部分相當不錯，很多其他的課程都著重在很 fancy 的模型，卻忽略一些重要的基本功。我覺得這門課可以練練 Python、學一些入門，接著再去學 Coursera 的機器學期跟深度學習，這樣的學習曲線較平緩。', '講解清楚~', '內容含金量極高，適合初新者，對於抽象的機器學習模型舉非常好的例子幫助理解，當然若有一點 coding, ml 基礎能夠吸收的會更多，感謝老師的用心。 ', '1.老師教的蠻好的！──內容充實，大部分講解清晰，學費不只「值回票價」──應該是物超所值！\n2.「Python 資料分析＆機器學習入門」我學了一年左右，程式方面自學3 年了，學的有些慢！希望成為程式設計師！年近50，希望越來越...!\n3. 老師介紹的書，如：python + Spark 2.0 + Hadoop ...，，我買了幾本，對我而言 ，不太理想，我光安裝 multi node 就花了一個月，而且還沒裝好，NodeManager 未啟動！\n4. 老師在百忙中回答了我幾個問題，謝謝您！\n5.可以上coursera 或 udemy 的課程，多比較判斷，找出適合自己的學習目標和方式（本人由C#改學Python，多花了約一年的時間！）\n6.「獨學而無友，孤漏而寡聞。」\n\n光鍵 敬上', '深入淺出，言之有物。', '提供很多資源，讓新手不致於在機器學習路上不知所措', '課程內容說明祥細', '對於剛入門的學習者有幫助\n', '若想大概了解Python運用以及機器學習，此門課程可提供相關資源及概念。', '快速瞭解機器學習框架', '講解的詳細好懂，也有助於對這個領域有更近一步的瞭解，但須先了解一些Python的基礎知識。', '   還行，有些專有名詞須先了解', '隨著資料分析趨勢盛行，即便工作或生活領域不會接觸到程式語言，能了解基本的資料分析方式仍增加每個人在職場的競爭力，和公司內部相關部門同事溝通時，也較容易達到溝通目的與效果。\n\n老師的講解清晰易懂，不過影片的方式難免於同步實作時發生一些困難（除非有兩個螢幕XD）。我的工作經常需要與Data Scientists溝通，雖然不用了解如何寫任何程式，在上課過程中經常有「哇～原來當初他說的是這個意思」或「原來當初他的圖表是這麼做出來的」的想法。\n\n一步一步跟著James的腳步看Python，讓我有信心在多加嘗試後，領悟Python的要領，相信未來和Data Scientists溝通時能更有效率，並創造更大的附加價值。', '課程目標清楚，內容解釋有條理清楚', '很清楚又適合有興趣的人快速了解這個領域', '感謝老師的教學，內容仔細，清楚明瞭', '本課程可以大致了解機器學習作業的整個流程跟工作內容，也提供了一些可以延伸閱讀學習的資源，是蠻有收穫的，不過真的要能實用還需要自身花費時間鑽研練習', '課程的設計是循序漸進且由淺至深，讓學員可以自己視程度，搭配老師的課程講義一步一步實際演練學習！', '淺顯易懂的教學，很適合新手聽課', '適合初學者入門的第一堂課，透過老師的帶領，可以了解基礎套件的使用方法，也提供了許多延伸閱讀及參考的連結，\n必須自己再深入學習及持續練習，才能學以致用。', '謝謝老師的解說', '能了解到大數據工程師工作的流程，但每個環節都必須要在近一步去了解。', '搭配medium服用效果好', '滿適合入門的 而且有網站可以參考\n算是機器學習線上課程的第一首選', '雖然我明白基本python函數，但許多標準庫的函數仍相當陌生，講師在說明指令時都是一段一段粗略說明，讓我很難跟上進度', '依照老師的步驟，一步一步進行，對此領域的了解是一個開端，我覺得最重要的還是要自己不斷練習和去閱讀老師建議的延伸閱讀資料', '課程內容很仔細也有文字檔可以慢慢看', '實用', '主要的幾個機器學習模型都有用心講解，也有搭配程式碼示範，滿容易了解。另外在Medium上面也有提供完整課程內容可以複習，非常貼心！', '講的很好', '深入淺出', '課程難度安排適合我, 非常感謝', '感謝老師帶領我進入這領域^__^', '感謝老師用心的製作課程，讓我對機器學習有初步的認識!', '之後也會看書慢慢充實的。', '將機器學習大致上的介紹，對於像我這樣的初學者而言，是個適合的機器學習入門者課程', '適合入門機器學習，再搭配其他書籍或課程自己進修學習，並參加老師提的Kaggle網站去看文章與比賽，能更加精進自己資料分析與預測的能力，收穫很多', '對於初學者入門很有幫助', 'good course', '教得很清楚', '學習到了很多東西', '課程搭配部落格的方式提供完整的資源給學生選擇學習，如果只是想對機器學習初步認識，大致看過影片就能了解內容；如果想學機器學習實戰能力，也能透過老師講解及部落格的程式碼逐步學習，是堂令人獲益良多的課程！', '老師講解詳細', '對於新手來說，是個很棒的課程\n觀念解釋得很好', '老師用案例說明，學得非常快', '講解非常的清楚，直接帶初學者學習Kaggle實戰', '觀念解說很容易懂', '老師提供很多工具 對於新手也不會有不容易理解的地方', '觀念解說很容易懂，也有筆記文章方便重點回顧！', '介紹很多工具的使用，也帶著學生一起走過很多課程，推薦～\nMedium 上面都可以重溫上課內容也很方便！', '老師認真讚', '雖然機器學習還有很多東西沒被提及, 但此課程能快速給予新手了解機器學習的面貌, 對於初探機器學習的同學很有幫助!', '非常詳細教學的', '這是一個很可以輕鬆上課的入門課程，對於想要踏入這個領域的人可以有個初步的認知～', '很實用，講解也很清楚!', '我上過吳恩達開設的deep learning才來的，這門課在實戰方面有不錯的介紹，讓我補充了一些實戰工具例如pandas,sns等工具的使用方法，雖然關於理論的部分都沒有太詳細，但是課程時數也不多，可以比較快的入門Kaggle或者實際面的一些分析\n作為機器學習第一堂課的話建議去上林軒田或吳恩達的，回頭再來這邊接觸一些實務應用的部分', '老師講解非常的清楚，直接帶入Kaggle實戰是一大特色', '老師很專業 \n讓乏味的資料科學變的津津有味\n希望老師可以開進階的資料分析或機器學習課程', '看完了整套課程，也開啟我的kaggle競賽之路。希望講師能再開設其他的實作課程！', '非常適合入門的課程，由淺入深，觀念解說清楚', '收穫良多！', 'Good', '非常適合入門的課程，由淺入深，觀念解說清楚，沒有多餘冗長的內容，值得推薦！', '獲益良多', '非常詳細實用的課程！\n適合已經有一些python底子 但又不了解機器學習的初學者＾＾\n大推！', '老師講解非常的清楚， 教材豐富且可在medium直接看。', '老師教得很棒，只是自己吸收有限^^，還要再加油!', '由淺入深，受益良多。', '雖然課程的講述我覺得有點快,但是有詳細的教材文章輔助', '課程深入淺出，很能夠感受到老師的專業，討論區部分老師也很耐心回覆，謝謝老師！', '很棒的課程', '老師講的很仔細', 'CNN觀念清楚帶實作', '深入淺出，很適合初中階學習者。', '對基礎的機器學習是很好入門的課，再搭配Kaggle實作課程，更可了解實務是怎麼應用，\n課程內容與概念又講得淺顯易懂，非常好吸收！', '講得內容淺顯易懂, medium上發布的內容非常適合複習！', '內容清楚，對初學者很有幫助', '只要有一些程式跟基本的高中數學基礎，就可以透過這門課程快速進入機器學習領域，非常推薦', '很棒的課程，cp值很高', '老師講解非常的清楚，\n教材豐富且可在medium直接看。', '老師講解的很詳細，也有很多課外的補充資料與書籍可以參考，對於想要入門機器學習與資料分析真的是幫助很大。', '上完以後，對機器學習有一些基本的認識，還不錯的一堂課。', 'Real examples with hand on experience.', '入門概念講解清晰，並提供許多門路給想更進一步深造的人', '對初學者來說，真的學習到很多。', '內容淺顯易懂，在老師在medium上所發布的內容非常方便用來複習，歡迎初學者可以來這學習唷。', '老師用淺顯易懂的方式講解資料分析的基礎技巧, 很有效的幫助初學者快速了解資料分析的概念！', '覺得教材寫在medium上面很不錯，很詳細也方便複習，內容也很適合入門機器學習這個領域', '老師從基本的語法到實際用kaggle題目來講解都非常的清晰。學程式語言就是要有入門的好教材以外，還要有更多時間去自學才能學好。這堂課會是很好的python資料分析入門！', '講到很多很重要的東西，運用套件可以快速的上手\n也有提到非常多實用的觀念！', '可以學到很多!', '以入門來說，內容很棒，能的話希望能做個更進階，會在工作上運用到的例子，並做個詳解', 'James老師很仔細地從淺到深逐漸帶入，也介紹幾個很實用演算法和實作過程，若有問題老師也相當積極的了解與協助。', '不錯的課程!', '很好玩', '從無到有，可以完整建立觀念和實戰', '是我所期望的課程內容', '老師上課非常用心,講義也寫得很詳細,非常實用', '對於初次寫程式或第一次踏入Python及資料分析領域的人，這是一堂不錯的課程，透過教學一步一步理解怎麼做，並且也有線上的講義可參考。', '老師上得很好!!', '老師很用心，如果有問題都可以留言，老師也會盡力回答\n課程內容講解的滿清楚的，可以減少很多入門的摸索時間', '推!  老師講解的很詳細', '課程很清楚易懂，有問題老師也都很快的回覆～～ 覺得讚！', '老師教得很好呦', '老師親切、和學員有互動', '介紹了幾個機器學習經典的演算法和實作內容\n課堂上舉出的例子也很能夠實際幫助我，加深對內容的了解', '課程由淺入深且精要，減少摸索期的不適。', '收穫很多,老師也很即時的在FB社團回復學員的問題', '老師的課程講解非常詳細 \n實際上如果遇到問題可以以透過社群聯絡老師協助\n希望可以有更多關於實務上應用的Part\n謝謝', '認真教學的老師！', '老師很用心']","['老師教學清晰、口條好，課程內容深入淺出，適合初學者入門學習。', '課程內容豐富，涵蓋Python應用、資料分析、機器學習等主題，可以讓學生快速建立基礎知識。', '課程實用性高，內容']"
1,資料科學：Azure 機器學習工作室入門,4.8,10,7565,196,890,"['Azure Machine Learning', '推!', '適合初學者', 'nice class ', '學完會對azure操作有基礎認識，另這門課對入門機器學習可能可以再多些說明', '課程評價', '很好的入門課程', '內容清晰易瞭 ', '完整且詳細的內容', '資料科學：Azure 機器學習工作室入門']","['這個課程很適合從未學習過程式語言，第一次接觸機器學習，想進行大數據分析的人。', '適合想要認識資料科學的人', '適合沒接觸過r、python初學者初步了解機器學習', 'A nice class for everyone who wants to learn more about AI machine learning.', '看完一次後實際操作可以知道從資料分析閕始，如何把資料做選取及整理，包括特徵工程及補空值，找出適合分析的欄位，再選取適當的模型去分析這些資料，例如二元分類或是決策樹的方式去檢定這些資料引申出的結果，進而可以知道這些模型是否正確。可以對一整個資料分析及機器學習流程有大致了解。\n但我覺得如果沒有一些統計分析的相關知識，可能不知道這些方式的參數要如何設定會比較適當，之後可能不知道要如何使用這些模型在實際的資料當中。', '老師教得很用心，架構整理也很棒，很推薦', '雖然R和Python的功能很強大，\n但對大多數人來說，\nAzure Machine Learning Studio是很方便的入門工具，\n功能其實也不弱。\n希望未來能開有關AMLA更進階一些的課程。', '課程循序漸進，很有收穫！', '對Azure的瞭解有了基礎的認知，建立了之後想更進一步的基礎，推薦給想學習的大家！', '適合想學習AZURE的同學~~\n但建議可能要有點機器學習、統計、PYTHON的概念比較能上手這門課唷!!']","['適合初學者：多位學員都表示這門課程對初學者非常友善，能夠讓學員快速上手。', '內容完整詳細：學員們普遍認為這門課程的內容清晰易懂，而且非常完整詳細，能夠讓學員深入了解Azure']"
2,AI 行銷學：用 Python 機器學習創造商業新價值,4.44,9,40483,331,3888,"['即戰力的課程!', '講解清楚，內容實用', '循序漸進建立觀念,最後實務操作', '有效協助資訊背景人員以商業的角度思考', '可能會聽得一頭霧水', '師父領進門 修行在個人', '是一門良好機器學習基礎練工的入門題材', '著重業界角度看資料行銷', '非常推薦']","['學到很多商業實戰的分析和模型\n也有提供很多實用的模組可以實際套入我們的需求中!\n', '不只有程式碼及模型教學，老師更從商業角度讓學生了解在實務操作上該採取什麼樣的切入角、以便讓老闆認同自己的分析結果。\n課程時數長，內容也多，可以先快速看完各單元後再挑自己不太熟悉的部分反覆練習。', '老師上課方式是以先講解該章節欲帶入的主題,\n循序漸進建立觀念,最後實務操作程式碼等\n較著重於觀念及行銷意涵\n', '以行銷的觀點解釋資料，可幫助非商背景的資訊人員，更容易在演算法上加上商業的角度', '講師的上課方式比較適合線下課程：補習班或講座\n線下課程因為不能重播、而且學生眾多，需要針對操作性的細節不斷重複說明，而且不能太複雜，以免有人跟不上\n\nHahow的線上課程，其實不會有這些問題\n所以可以講得更深入，操作性細節也不需要一直重複講\n\n\n對於模型的原理講解的也是講不清楚\n「詐欺偵測」章節那邊，甚至連哪些變數重要 都沒有提到，直接說模型結果很好，省很多錢\n讓人一頭霧水，這個預測到底是怎麼做出來的\n這樣不求甚解的操作，感覺很危險\n\nLIME模型的使用情境，什麼時候該用，為什麼要用，模型是怎麼做出這個結果的\n也是沒有講得很清楚，我也是另外再去查，才終於搞懂老師在做什麼\n\n整體而言，課程的架構真的有點亂，講完XGboost，又回頭講羅吉斯回歸、又跳去講決策樹。\n建議先完整介紹基礎模型，完了再往變化型去介紹', '整個課程圍繞在三種模型。使用這三種模型的各種相關應用。', '整體的說明均十分順暢，即使未具備python撰寫之能力\n老師亦簡單說明相關重要之python基本技巧\n但是，仍要再自行去吸收其他不懂之套件內容，才能融會貫通本課程。', '在業界有時會面臨到 數據人員,行銷團隊,與管理階層 對於專案理解與切入角度不同，不了解對方團隊在處理些甚麼。而這堂課很適合 高階中階或是一般數據行銷人，難度不難，卻能夠廣泛了解 用數據 做行銷的概念為何。\n\n比較可惜就是在於，因為難度不難，重在廣度，在 code 上講解稍淺；若想要把整堂課的概念運用到自己的case上，需要自己再花時間鑽研 老師所附上的 程式碼以及 function。但，整堂課給予 想做 數據行銷的人 完整的商業思維，用商業角度切入玩數據，而不是只是追求 誤差最小化。', '我有微軟人工智慧的證照\n課程使用Spyder軟體對於資料分析的視覺化與效能有很好的幫助\n老師以利潤作為目標去分析資料相當符合現實狀況\n並以行銷的觀點解釋資料可幫助非商背景的資訊人員從不同角度去思考\n非常棒']","['課程內容實用且循序漸進，建立觀念後進行實務操作。', '有效協助資訊背景人員以商業的角度思考，著重業界角度看資料行銷。', '師父領進門，修行在個人。可能會聽得一頭霧水，但是是一門良好的']"
3,Python 資料分析：AI 機器學習入門到應用,4.32,19,54156,759,2180,"['Beginner: 請參考範例1-6-2乳癌預測資料集解決過擬合.ipynb作答 . 請問在何處與如何下載範例1-6-2.ipynb', '心得', '有很多地方（專有名詞）表達不清楚', 'Python 資料分析：AI 機器學習入門到應用', '完全不知道在做什麼', 'Python 資料分析：AI 機器學習入門到應用', '內容豐富', 'Python 資料分析：AI 機器學習入門到應用', '讚', '很棒且踏實的課程', '很棒的課程', '還行吧', '課程內容豐富多元', 'Python 資料分析：AI 機器學習入門到應用', '深奧機器學習的入門課', '感謝教學', '課程很棒', '課後結果之評價回饋', 'none']","['Beginner: 請參考範例1-6-2乳癌預測資料集解決過擬合.ipynb作答 . 請問在何處與如何下載範例1-6-2.ipynb', '程式範例多元 ! 但就於課程內容量和講義講解方式對初學者可能稍顯吃力，例如需要看完後面程式範例講解，才能理解前面某些的講義說明是甚麼意思。', '有很多地方（專有名詞）表達不清楚（這個課程內容算是進階的，難度也是較高的）。', '1.    老師的上課模式會照著講義念，而且講義的內容大多為文字敘述，鮮有圖表。導致學生學習的當下，會不懂這段話到底想表達什麼意思？後面會有實例操作，也是逐行念過去，部分核心超參數也沒有解釋。覺得上課的效益等同於去書籍買書自修。\n2.    個人認為可以解釋一些模型的原理，將原理以簡單的口吻解釋給同學聽，這邊給一個參考影片：『https://www.youtube.com/watch?v=Lms4cB57Nq0&ab_channel=PyInvest』。\n3.    假如同學希望上完這堂課，能夠參加kaggle競賽並得到良好的leader board成績，或是想要餐與公司ML專案，那麼這堂課比較不適合您。\n4.    上完這堂課，是否能考取TQC+證照？答案是肯定的，雖然課程內容比較難聽懂，但是TQC+考題固定且簡單，所以將考試題目不斷練熟，一定會通過！\n5.    綜合授課方式、內容、時間以及費用，絕對值得3顆星，整體CP值偏中上。\n「謝謝老師錄製這些教學影片」', '我十幾年前大學唸統計，碩士唸數學，理論都明白，是來學寫程式的。在上這個A.I課之前，我已經特意上了Python入門特訓 & Python爬蟲特訓，那位老師教得很好。然而，這個A.I.課真的不行－－理論講得太冗長，實例卻太簡陋，只是開著一大篇早已完成的程式碼逐行讀。我既不知道寫那程式的背景和目的，也不知道是跟著什麼邏輯怎樣寫出來的，又不知道當中一些程式碼的用法，還有各個參數的意思。非常抱歉，我一定要破例給個1星才行，因為真的完全學不到東西，好失望。', '內容豐富，實例多', '實例多', '課程內容充實，範例說明充足。', '讚', '老師不光只是舉例和講解程式語法，還介紹並說明理論基礎，加上老師的用語都很親切，讓我覺得透過這門課，了解什麼是「機器學習」、為什麼要學習它及它該如何應用，是很踏實的一個學習過程。', '老師上的很棒很細心，雖然有點難，期待自己能一一突破問題。', '內容豐富 講解細膩 就是和原先想像的內容不太一樣 原本預期的是更學術性或理論性的課程', '初完成購買，期待接下來的課程內容', '有點難,建議要先上Python基礎語法再上這堂課\n但老師對模型應用介紹很清楚,參考課後練習會更有概念', '這堂課讓我了解到機器學習強大之處，但可能是考量課程長度、時間、難度，所以很多複雜的程式都只能輕輕帶過。因為我是PYTHON入門初學者，看到不懂的程式碼會有些恐慌，會希望老師能再講解更詳盡一些。也希望老師能推薦進一步的學習管道，謝謝。', '雖然內容有點難，但老師講解很詳細，感謝教學!', '課程很棒，內容精簡易吸收', '曾經有上過Python 資料分析 - 網頁爬蟲與視覺呈現及Python 入門特訓 - 基礎實作到證照攻略但現在上本課程不會覺得很瓶頸，上課內容操作較熟悉，是為了要考取TQC+Python機器學習才上課的，我曾經上了很多AI&DATA課程，然後課程裡面的內容是我有熟悉過的函數與定義對於軟體安裝與操作得心應手，雖然是英文版軟體只要看得懂它的使用說明就不會研究斐然，對AI&DATA相關課程應試於在上專題與實作方式上課工人要做好工，必先磨好工具。\n既然已經購買了此課程，我需要以身作則做好做出自己的未來潛能與本分，為自己能夠找出好的前途就地取材只是要給自己有所盡責。我對於課程老師所上船分享至googleclassroom的寶可夢練習有些執行不出來而做局部修改，但只是給自己試著思考練習看看會不會找出蛛絲馬跡或遺漏的，保持運行過目不忘也要於R語言及SQL一樣。\n我上完課程、繳交作業後要寫課程評價時，開始寫感想我的腦袋就較難打開要如何重頭到尾寫出好的回覆，我需要花很多分鐘的時間想盡辦法給於自己的腦袋給動了起來、強行思考然後走來走去，不久之後要寫課程評價感想後時就覺得比較好了也能夠慢慢地寫出想要的話，這不過也只是暫時性或者是邏輯性，到最後就很努力得把它給做好這是一種堅持。\n本課程是值得推薦上的一門課程，老師講課內容細緻精簡、每一段的影片剪接的很明瞭、章節製作分明讓學習閱讀者重複複習很方便、很容易整理且找得出艱澀難懂的問題講解與操作說明、然後每一道練習題都寫得很仔細、意猶未盡。相信自己我對這門課程未來能夠持之以恆的深入練習也必須能夠求職到相關工作。', 'none']","['課程內容豐富多元，包含深奧的機器學習入門課程。', '有些專有名詞表達不清楚，可能需要更好的解釋或補充說明。', '教學方式踏實，讓學生感覺很棒，且課後結果得到良好的評價回饋。']"
4,Metashape 3D 掃描 | 你的相機就是掃描器！,0,0,10198,51,3540,[],[],['沒有提供清單或課程評價內容，無法進行統整。請提供相關資訊，謝謝。']
5,Python 的 50+ 練習：資料科學學習手冊,5,19,62847,541,3480,"['good', '課後評價', '五星推薦', '不管有沒有學過程式語言，都誠心推薦給大家！', '五星推薦給所有想入門Python的人!!!', '課程扎實！', '資料分析人員必備', '循序漸進，紮實的Python入門課程', 'GOOD', '課程 循序漸進 老師講解仔細', '穩紮穩打的基礎訓練', '課程內容相當完整', '言簡意賅', '推薦', '上課心得', 'good', '評價', 'Python 的 50+ 練習：資料科學學習手冊', '課後感想與評價']","['good', '花了很多時間終於完成50道練習題，我覺得練習題目對於熟練語法非常有幫助，謝謝有這麼棒的平台跟優秀的老師，真是太幸福了~', '目前老師的所有課程都有買  後半段的學習曲線較陡  但配合習題仍能入門  謝謝老師 準備來看第二遍', '在完成課程前，我就決定把老師的課都包了，真的非常喜歡老師的教學方式，除了建立學習成就感之外，還可以感受到自己的進步！不管有沒有學過程式語言，都誠心推薦給大家！\n如果已經學過Python基礎，在這堂課上你可以學到更多關於資料科學的內容，從資料操作、資料分析、資料處理到建立模型，耀仁老師都會以Exercise Based Learning的教學方式，上完課程內容就讓學生做練習題，並在練習題之後解釋每個題目，加深我們對各個單元的印象！\n如果完全沒學過任何程式語言，這堂課也可以帶你從0到1，從什麼不會到入門資料分析師。耀仁老師的課程都是由淺入深、循序漸進，看完第一次不會也沒關係，就再看一遍，看了很多遍還是不會也沒關係，也可以利用平台直接請教老師，老師都會在兩三天內回覆！\n只要持之以恆並多加練習，相信大家都可以透過這門課成為資料科學家！', '身為資料分析師，最常使用的工具是SQL，應用情境大多是SQL拉數字後匯入google sheet/BI軟體再做進一步的分析，這樣通常能滿足大部分來自業務單位的分析需求，但是如果要處理比較複雜的商業問題，例如如何知道消費者是否會流失，或是如何了解消費者的行為輪廓，這些就不是用SQL能容易回答的問題，也是我當初想學Python最主要的原因。學會Python之後，分析師能處理的問題變得更廣，也更有機會參與比較複雜的專案(商業應用的潛在價值通常也比較高)，進而放大自己在資料分析職涯的影響力。\n\n這門課的設計由淺入深，從基礎的資料定義、資料處理，一路到進階的資料科學模型，老師將每個章節都切分成小單元，清楚講解每一個重要觀念，讓我在學習時不會有太大的壓力，各章節也都有足夠份量的練習題可以驗收自己的學習成果，練習題詳解也讓我從觀摩老師解題的過程中，了解到更多程式設計的觀念與技巧。非常推薦這門課給所有想開始學習Python的人，即使沒有任何程式語言基礎(我當初就是)，只要對程式設計有好奇心，透過這門課豐富且紮實的學習，相信一定都能成功將Python納入自己的職涯工具包當中！\n', '每個單元老師都充分講解內容 + 練習題演練，覺得有練習題讓自己思考單元重點非常重要，也有實戰練習的機會，不過練習題當中有些小技巧（轉換處理類型等等），在主要課程中沒有特別提到的話進行起來會有點小吃力。', '極好的課程，希望老師能夠推出更多課程!!!\n謝謝', '不是一門能輕易完課的Python入門學習，但是老師從基礎概念開始延伸，學習過程不會有壓力。雖然練習題很多，能夠完成所有題目會很有成就感。', 'GOOD', '課程 循序漸進 老師講解仔細 很適合學習', '對於自學Python的人相當有助力的一堂課，循序漸進的方式幫助你一步步打好基礎，透過實際的題目練習，更能熟悉Python的各項操作與應用。', '謝謝老師解析的相當詳細', '課程編排由淺至深，講解清晰，練習題環環相扣，上完後覺得收穫良多，非常喜歡這種教學方式。', '講義和影片搭配講解清楚, 還有練習題實際應用增加印象\n推薦給有興趣的人', '老師講得很仔細，練習題詳解中也會帶到許多有別於講義中的小觀念，想要扎實地從基礎了解python的人可以上上看這門課程！覺得是滿有幫助的\n另外建議大家也可以到問題討論區看看，有時候會看到自己沒有注意過的點，雖然我自己是沒有發問過，但有看到老師都回答的滿好的！', 'good', '提問時老師都會耐心的解說，解決我寫程式遇到的問題~', '從觀念到習題練習\n適合想進修Python的同學', '遠在天邊，近在眼前：是一門很好的課程也適合給新生或曾經有參加""人工智慧與大數據培訓班""職訓學員們或Ｒ語言軟體及MSSQL(T-SQL語法)軟體的學員們在上的課程:因我本身就已經屬於資深學者,只是還想要把Python程式在熟悉到意猶未盡，再來我另本身就有上課學習過Ｒ語言軟體及MSSQL(T-SQL語法)軟體，三者之間非常的容納許多人工智慧與大數據的專業領域，我只不過想要等hahow的程式/資料科學的R語言軟體新課程能就深入學習。老師製作課程與講解內容很分段與扎實，老師後續要開Ｒ語言軟體課程時就鐵定會購買，期許對想要接觸Ｒ語言軟你學員們能夠加入，謝謝這次的課程。']","['課程扎實：多位學員都表示課程內容相當完整，老師講解仔細，循序漸進，讓初學者也能跟上。', '適合入門：不管有沒有學過程式語言，都誠心推薦給大家！五星推薦給所有想入門Python的人!!! 穩紮穩打']"
6,【AI 深度學習】新手入門應用篇,4.57,23,39276,444,2500,"['完課心得', '課程心得感想', '給予課程和老師的評價', '有模板可以套用對我的工作有很大的幫助', '線上課程可反覆練習很棒', '完課心得', '課程心得內容', '課程心得與感想', '收穫滿滿的課', '值得一上課程', '好好學習，努力之後收穫豐富', '課程心得與感想', '課程心得與感想', '完課心得', '新手根本看不懂', '心得', '心得', '很棒的課', '很棒的教學內容', '從理論到實踐得以融匯貫通', '超讚的課程, 打通了我在深度學習領域的任督二脈', '期待已久', '非常完整又實用！物超所值！']","['課程內容很豐富，可以學習到許多深度學習的應用。\n雖然老師當時錄製課程的時間點離我現在上課的時間有一小段距離，導致部分程式碼會無法運行。但學習程式就應具備除錯的能力，如果有無法解決的也可以詢問老師，老師都會很詳細的替大家解惑。', '在這門課程中，學到許多深度學習的應用。建議有程式基礎的人上比較好，不一定要有python底子，如果會c/c++等等的同學看程式碼比較不會到太吃力。課程適合給AI新手試試水溫大概了解AI的實作與應用，程式碼都是附上老師已經打好的，所以只需按照影片一步一步執行即可。有些無法執行的部分都可以去問與答看同學是否遇過類似的問題，即使還是找不到原因，發問後老師也會幾天後解答。比起遇到程式無法執行找不到原因很挫敗無法持續課程，真的遇到不會的問題的時候有老師可以解答真的很棒!\n課程內容真的相當豐富，雖然每堂課的影片短短的裡面卻含有很多的內容，老師也都很真誠的幫忙改作業與協助問題，感謝老師的用心。', '一個多月的時間,上完了這門課程,真的非常受用,老師的解答也很認真和專頁,\n課程的單元都是很實用的部份。', '有模板可以套用調整，可以快速進入實作，對我的工作有很大的幫助', '雖然線上課程無法跟老師即時溝通, 不過可以隨時暫停, 回聽也很棒, 臨時忘記也可以再重新複習。', '課程內容很豐富，老師會在課堂上詳細的介紹每個步驟的功能，並且就算第一次聽不懂，也可以多重複看幾次，就能越來越了解了!課堂中也有許多深度學習的實作案例，感謝老師的教導!', '以初學者來說，這堂課算是淺顯易懂，老師都有解釋程式碼的作用，而且如果因為年代久遠導致版本不一樣或不相容也可以透過問答去找過往別人提問過的問題解答。', '學到很多關於深度學習的觀念與實際操作案例', '學習到很多機器學習的應用，真的是獲益匪淺，威見大家來上課!', '覺得現在AI在生活中的應用越來越普及\n在老師深入淺出的課程教學下\n能夠扎實的了解AI是如何運作如何訓練\n實戰演練的作業和情境則是讓人不只是紙上談兵的學習\n真的學到很多', '難度高，需要多聽幾次\n靜下心來好好學習，努力之後收穫豐富，是市面上少見CP值高且內容豐富的課程', '學到很多關於深度學習的觀念與實際操作案例，受益良多\n謝謝老師的指導', '學到很多關於深度學習的觀念與實際操作案例，受益良多，課程內容相當豐富，也不會太過艱深難懂，我是覺得是蠻適合對於機器學習有興趣的初學者的，沒有說很簡單，但也不會到非常難，畢竟老師基本上都寫好程式碼了，也不太需要憑空自己想像或是撰寫這些程式語言。\n\n雖然沒辦法或是沒有那麼多的時間精神可以一行一行地完全理解所有的程式碼其代表的意義與功能，但基本上老師都已經將程式碼準備好了，只要按部就班的執行各個指令，然後實際的嘗試執行，就不太會有太大的問題。但偶爾也是會有版本不同造成程式碼無法正常執行等問題，不過我覺得這就是學習的一個過程，難免會遇到問題或是卡關的地方。就要想辦法問老師或是嘗試去尋找解決的方式，漸漸就會發現自己好像理解的部分越來越多，能夠真的試著做出一些成果出來，後續的變化跟應用就要再自己想辦法做功課了。 且老師教學方式是利用在雲端硬碟上面來執行程式碼，似乎也是在避免因為每個人的電腦、軟體、設定版本不同，而容易出現錯誤的問題可能性，不知道我的理解是否正確。\n\n感謝老師用心準備的教材，希望未來有機會還能繼續向您學習。', '這堂是我一加入HaHow所購入的兩堂課程其中之一，當時的我完全是程式新手，還記得剛開始上了一下就停住了，我覺得很可能是對於老師一行行的程式碼感到難以理解，距離現在隔了快一年，是到了兩個月前才想說把當初購入的這堂課給補起來，而我自己在這段時間都有慢慢在接觸程式和深度學習，回過頭來看發現和我當初在上這堂課的想法似乎有些不同了，因此想藉著課程評價這裡來分享對於這個課程的心得。\n\n我自己覺得這堂課的確是能夠作為新手入門的，不論是程式入門或是深度學習領域的入門，但剛開始可能並不是很輕鬆，或是說在想法上或許可以做些轉換。因為如果是對於剛入門的同學來說，看到老師網頁上一行行的程式碼感到難以理解是正常的，畢竟也才剛開始接觸，只要先跟著慢慢一步一步執行就好，這點我記得老師有提到，不需要去在意每行程式碼的意思，透過實作的結果來去看到深度學習的實際應用，而如果還有餘裕的話再去深入理解和思考各部分的程式，我認為有跟著老師去執行程式碼的話，作業的部分應該都能夠做的出來，卡住的話也可以透過google或是在提問的部分找到解決辦法。\n\n在這個課程中了解了很多有關深度學習的應用，而其中真的還有很多很多的知識能夠再去深入思考或是往下應用，謝謝老師~', '裡面根本就是用唸的。\n我是國中生我都學不會。上這個課建議懂Ai，這個老師都直接當我們學過，這個標題應該改一下吧。', '整體而言還ok\n重要參數都有講解到,\n但是需要有基礎的程式經驗會更快理解,\n就個人而言,因為有做過機器學習的經驗 所以流程上不陌生,\n個人來上課的目地是追求原理,以及呈現手法, 這一點肯定老師的上課方式。\n但是如果能用 jupyter notebook 會更好 謝謝!', '解釋太少了。程式碼都先打好?\n只適合已經有很好基礎的人上。', '很棒的課', '很棒的教學內容', '完成這個課程後，我獲益良多. 從理論上到現在能動手寫一些 Deep Learning 的程式. 技術得以提升. \n多謝 abel 老師的教導. 由淺入深. 從理論到實踐得以融匯貫通', '超讚的課程, 打通了我在深度學習領域的任督二脈. 感謝老師的用心與熱情分享!! 希望老師也可以分享您在Deep Learning的學思歷程, 給同學們當做一個可參考的依據!', '有幸能參加實體課程，明天就要上課了，期待上課的內容，謝謝', '非常棒！']","['課程內容豐富且實用，能夠從理論到實踐深入學習。', '線上課程能夠反覆練習，且有模板可套用，對工作有很大幫助。', '課程收穫豐富，值得一上，但對於新手可能會有些難度。']"
7,手機 App 開發入門：App Inventor 2 實作,5,10,49689,274,1600,"['學到很多', '無法下載ai2 starter 和模擬器無法跑出結果，就黑屏了', '課程評價', '非常好!', '我要開始觀看課程，確一直delay無法進行上課', '讚', 'good', 'GOOD', '心得', '淺顯易懂，快速上手']","['程式', '無法下載ai2 starter 和模擬器無法跑出結果，就黑屏了', '內容深入淺出，非常適合新手', '我學到了很多 app inventor 的程式, 課程很精彩,充分,有趣!', '我要開始觀看課程，確一直delay無法進行上課', '感謝老師講解得非常仔細又清楚，非常適合給零基礎的同學上手!', '感謝老師讓我在這堂課程中學會製作出能夠使用的app', 'GOOD', '雖然剛開始上課~但教學很淺顯易懂，期待結訓的那天可以收穫滿滿。', '感謝老師開了這堂入門課程，讓學生能夠在很短的時間裡學習到APP撰寫&應用，謝謝']","['學習效果良好，能夠有效地學到很多知識。', '課程中的軟體操作可能有些問題，例如下載和模擬器運行等，需要注意。', '課程內容淺顯易懂，能夠快速上手，整體評價非常好。']"
8,超快速 iOS 實用開發入門～學會6個APP,4.95,19,57400,381,2200,"['希望有新的版本', '學到很多', '課程內容老舊操作畫面與實際目前版本差異很大', '對非本科初學者蠻有幫助', '課程版本過時不適合新手', '很好理解', '課程完整', '對初學者或剛入門的人很有幫助', '內容豐富實用', '如同課程名稱可以快速了解ios軟體開發過程', '非常棒的課程~對於初學者也不會覺得學習痛苦', '快速學習ios第一品牌', '簡單扼要，初學者友善', '很接地氣的課程', '挺不錯的', '快速上手有幫助', '這個課程太棒了', 'Ios 開發教學', '很清楚的課程']","['比較好自學', '都很好', '課程內容老舊操作畫面與實際目前版本差異很大,花很多時間 停滯在找目前版本與課程內容差異,對個人而言,效果不是很好', '可以大致理解邏輯，再去深入\n透過簡易實作再帶到觀念和用法', '陸續更新中', '很好理解，但希望有更新版本的教學', '讚', '簡單的實作能夠帶到很多觀念和用法', '內容豐富實用', '買這堂課程純粹是因為想試著學好手機開發程式，運用在自己的專業上。\n過去曾看書自學java，沒有多久就放棄了。\n也許因為我是文科出身，以為只要光看書就能學好一個技能。\n\n但實際透過這套課程，跟著老師邊打code邊理解ios程式語言，讓我增加了不少自信。\n非常值得推薦！', '因為本身是網頁設計師，對於ios APP開發非常有興趣，終於找到一個適合自己的課程，從基本架構到草稿到進階都非常清楚!很推薦有興趣的朋友來上這門課，價格不貴，又可以獲得很多!', '本身是web.react-native的開發者,最近由於公司專案需求需要撰寫原生ios,\n看了課程也順利將問題排除,也很快速理解ios開發的流程以及swift語言的特性.\n\n對於想入門IOS的同學最讚的選擇!', '老師講解的很清楚，對於初學iOS app的人來說也可以簡單上手，了解到製作app是怎麼一回事，六個範例app都是很基本但又有無限擴充性的app，學完後可以自行延伸，很棒的一堂課。', '課程很實用，每段落都穿插實作APP，讓學員在信心中成長，是一個不可多得的課程！', '內容挺好的 在有限的時數內最重要的點幾乎都有提到', '有些module/class 的sub-function在建立或呼叫時可以加上更多說明讓讀者知道各種的變化型\n不然就是死板板的硬背老師的用法了\n其他部分都很容易上手\n', '我本身接觸Xcode及iOS程式開發有多年，從早期巨匠上課到後來自已看書繼續研讀，已有基本的基礎。然而，上完這門課後仍讓我學到很多，老師用到許多現今流行的專業人士的工具（如Sketch、Firebase），課程實作的6個App對初學者也都是很有深度的練習，不容易在坊間的書籍看到。雖然目前還未全部完成，但就我目前看完練習的，我已覺得太物超所值了。希望老師能開更進階的課程，一定支持！', '課程非常的好，蠻多可以變化性，只不過版本更新有些程式碼教學文件無法再使用。', '感謝']","['課程內容老舊，與實際版本差異大，希望有新的版本更新。', '課程對初學者或非本科學生較有幫助，教學簡潔易懂，內容豐富實用。', '課程快速上手，且非常棒，是學習iOS開發的第一品牌，適合']"
9,學習 AI 一把抓：點亮人工智慧技能樹,5,9,81706,342,2799,"['入門AI的優質課程', '全課程', '入門AI領域的優質教學課程', '學習 AI 一把抓：點亮人工智慧技能樹', '學習 AI 一把抓：點亮人工智慧技能樹', '謝謝兩位講師', '學習 AI 一把抓：點亮人工智慧技能樹', '課後感想', '課程內容']","['課程非常扎實，兩位講師講解得非常清楚易懂，真的學到很多有關AI的知識跟技術，謝謝老師們的教學。', 'good!', '講師先透過應用示範, 代入模型原理與模型架構的講解\n透過教學影片與作業練習讓學員可以理解與應用在專案中\n課程內容深入淺出，邏輯清晰\n是我目前在Hahow買過的課程中\n性價比最高的課程', '課程很紮實，講解也很好理解，亦提供很多可以繼續學習的管道。\n作業應用廣泛，感覺真的學到很多，謝謝老師的教導。\n\n', '本身是之前沒有接觸過程式語言的人，在上課的過程中，不只在程式語言方面很容易理解，在模型原理上面也講解得很清楚，最後搭配一些實作讓我對這些模型的應用有更深一層的認識。', '課程內容很豐富且由淺入深，每個單元都有詳細說明與作業實作練習，對沒有基礎的人很友善，對想要了解AI領域很有幫助。\n上完課後我會想對資料科學或python套件兩方面加強學習，最後謝謝兩位講師。', '1\n', '我個人已經有相關的專業能力及上過相關課程，這門課適合給沒有作品想要創建作品的學員們上的課程，內容有很多的實作練習，老師講解的很清楚明瞭也很按部就班，上完了此課程後我就開始慢慢衍生作業將作業作品放在作業成果內上傳，剛開始覺得麻煩不久之後就變得相當容易，也好不容易堅持這這一刻、並了解發揮。最後我上課完的檔案及專案作品上傳存放在個人雲端及個人的硬碟裡，當如果需要時可以隨時拿出來分享及研究理解，，以上這就是課後評價的一些心得謝謝。', '超值得~老師教得很好，也有實作']","['優質的入門AI課程。', '課程全面且深入，適合初學者學習。', '講師教學專業且親切，讓學習過程更加順利。']"
