,課程名稱,評價星等,評論數,總影片時長,觀看數,價格,課程簡介,評論標題,評論內容,評價標題的結論
0,一變應萬變：RWD 響應式網頁設計,5.0,8,508,167,2600,"►  掌握響應式網頁設計細節
►  了解如何跨部門協作響應式網頁設計
►  懂得如何以 UI / UX 角度設計好的響應式網頁設計","['很棒', '推薦！', '完整清晰', '完整清晰', '課程豐富完整', '評價', '更了解響應式網頁', '響應式網頁真的很重要']","['清楚明瞭', '內容實用與製作用心（雖是2016錄製，但也有額外提供 flexbox 的課程）', '完整清晰', '對響應式網站設計講解清楚\n對可使用的第三方JS也有詳細說明使用方法\n可惜最近第三方JS多有更新\n更新的部分需自行再研究使其可正常使用', '對於RWD響應式網頁的介紹很完整與實用，謝謝!!', '老師講的不錯，淺顯易懂。', '之前工作有跟軟體工程師合作，\n一直以為響應式的網頁或軟體只要寫一個％就可以解決一切，\n但學了這門課後才發現，\n為了因應不同的解析度，\n網頁上的每個元件都需要特別去調整，\n非常勞心勞力，\n也多虧這堂課，\n讓我跟軟體工程師溝通起來更順暢。', '學會響應式網頁很重要\n因為現在用手機瀏覽網頁的比例已經非常高\n似乎已經變成必學了']","['該課程內容豐富完整，涵蓋面廣泛。', '該課程對響應式網頁的介紹和解說非常詳盡，讓學生更了解其重要性。', '該課程獲得了多位學生的好評和推薦，值得一試。']"
1,Adobe XD / PS  —  網頁設計 與 UI 教學,4.62,159,835,2440,1990,上完這堂課，你將可以同時擁有網頁以及 App 的作品，並了解業界的流程與即戰力。,"['適合有一定基礎的人', '適合新手', '找不到老師了。。', '適合新手', 'Great for Beginners', '適合新手', '適合初學者', '不知道在幹嘛', '教學', '很仔細', '前半段資源分享非常豐富', '算是內容豐富的課程', '初學上手', '適合完全新手 ', '很實用的課程推薦', '課程很適合初學者', '後半不太優', '推推', '適合想入門的新手', '適合無概念新手', '適合想學習UI的新手們', '內容完整詳細', '途中換老師', '還不錯', '有點年代', '適合中心手', '課程多元好懂', '適合想學習UI/UX的新手們', '課程十分充實且適合新手', '對零基礎的初學者，可以快速建立UI設計流程概念', '對初學者來說很友善！', '適合新手', '非常推薦給新手', '很充實的課程', '很讚的一堂課', 'Thankyou for your teaching', '推薦初學者可以上 淺顯易懂 ', '想對老師說的話', 'Adobe XD / PS — 網頁設計 與 UI 教學', '優質好課', '推新手/轉職', '課程規劃用心', '適合新手入門', 'Adobe XD / PS — 網頁設計 與 UI 教學', '對於零基礎的人是不錯的選擇', 'Adobe XD / PS — 網頁設計 與 UI 教學', '對於從零開始學習的人很有幫助', 'Adobe XD / PS — 網頁設計 與 UI 教學', '教學用心', 'Adobe XD / PS — 網頁設計 與 UI 教學', '很適合初學者來觀看學習', '老師的講解和準備的教材都很用心!', '老師講課細心', '還不錯', '老師經驗豐富', '推薦前段部分的實作', '課程豐富但若有問題老師不會回覆, 要自己想辦法', '非常推薦', '推薦', '講述基礎觀念', '很棒的課程!', '很適合剛入手的人', '適合新手', '評價', '課程豐富,講解詳盡', '非常推薦的課程', '實用', '非常實用的課程', '推薦', 'Adobe XD / PS — 網頁設計 與 UI 教學', '適合UI/UX的初學者', '課程評價', '對入門UI新手很友善的一堂課', '不錯', '課程評價', '推薦！', '課程心得', '適合初心者，CP值高', '簡單易懂 適合無UI基礎同學的入門課', '感謝老師，也希望老師可以撥空上來回覆學生問題！', 'UI/UX 設計觀念才是本堂課的重點唷！軟體操作是其次。', '對於想學UI的初學者非常受用', '很受用', '課程實用，收穫滿滿', 'Great', '課程內容紮實、實用、淺顯易懂', '課程心得', '很適合初學者，淺顯易懂', '內容清楚', '除了感謝還是感謝', '非常實用(對已會操作ps軟體的人且網頁設計初學者)', '獲益良多', '課程很多非常棒!', '課程內容豐富且易懂', '非常棒!!!', '非常感謝老師~', '快速了解UI重點準則', '內容豐富', '課程評價', '實用好入門', '內容豐富', '剛入門者', '很用心的課程', '不錯', '我覺得還不錯！', '太!!!太!!!!太棒了!!!!', '很詳細介紹流程', '很棒', '很棒的內容', '初學者可', '整體給中上評價', '課程很棒', '很不錯的課程', '推推', 'great', '適合初學者，每堂課要細細咀嚼反思', '適合初學及了解ＸＤ介面', '適合初學者', '內容豐富，初學者OK', '適合入門者的一堂課', '適合初學者', 'Adobe XD / PS — 網頁設計 與 UI 教學', '不錯的入門課', '這堂課非常實用!!物超所值!!講師手把手教學，讓初學者快速進入狀況!!', '非常適合入門者上的一堂課！', '適合初學者', '穩定基礎的課程', '很適合初學者', '超棒的網頁與APP設計入門課程', '對初學者給了很多的幫助', '適合初學者', '適合初學者的一堂課', '課程豐富', '很棒！', '講課內容', '可以快速入門', '很完整的一套課程', '很適合初學者', '課程非常實用', 'very helpful!', '課程內容豐富', '課程內容豐富', '對於初學者是很好的入門課程', '謝謝Ellie老師與Louis老師', '課程內容豐富', '老師講得很仔細', '初階的概念基礎', '對於實務終於有了認識', '課程內包含海量資訊', '課程內容實用', '很棒個課程!', '看得出用心，內容還可以', '收獲良多', '值回票價', '這是零基礎入門課程', '還可以', '課程很棒', '感謝老師這麼用心準備!這麼棒的課程!!', '非常棒的課程']","['課程內容雖然很基礎 但是一些觀念還是需要有一定基礎的人才能理解\n加上教學內使用到的一些軟體或是外掛都是要付費的', '課程是否因為時間內容變舊資訊或是課程有問題提問是否有老師回覆，是購買這堂課需要考慮的點', '找不到老師了。。\n修改評價', '可以從0開始了解，很不錯。\n目前軟體有加入新功能，但課程是舊的，所以就沒有提到，如參考線的部分，目前PS已經內建，所以課堂中提到的外掛無法使用，上到這堂課時還困惑了許久。另外XD在講到繪製虛線的部分，已經不用像課程敘述的這麼麻煩，直接畫完直線後設定虛線就好。\n不過軟體功能每年都會再次更新，所以未來再過1、2年後軟體又更新成不一樣的，不過基礎概念都有講到，對於如何開始，開始時要注意的部分都有講到。\n後半段的老師可能不是很熟悉錄音講課，會卡詞重講，所以有時候上課會出神。', ""I really like how this class is designed for beginners. The instructors went through all basics and provided great information. It'll be a bit better if only the course could be updated a little bit. But overall, great experience, learnt a lot :)"", '較適合剛想要接觸這個領域的新手\n可以瞭解 UI 製作上的流程與觀念', '適合初學者，後半段的老師口條不是很好，幾乎都用倍速去看。', '單元4跟5是不是顛倒了？\n單元3的PPT也亂掉了\n介紹了一堆專有名詞結果連從訪談到產出User Story的順序都整理不出個所以然\n後面也是一團糟\n感覺前期製作花很多時間結果最後草草了事\n有點浪費錢', '不錯', '很仔細，非常適合初學者，蠻實際的會運用到工作上', '課程安排現在上可能已經不合時宜，但有些觀念的東西還不錯！', '最喜歡的部分是第一位老師分享的設計資源~', '前半的整個流程很棒，意外的收穫很多(跟客戶如何切入重點討論等)，\n但是後半為什麼換老師不了解，但大部分XD也是只教到比較淺的地方', '基礎功能介紹 適合完全新手 但老師不太會回覆~~', '很實用很詳細已經看完一次\n再來看第二次', '適合有打算進入這領域的初學者，但後半部老師的口條滿糟的在學習上感受有落差', '中途換老師還滿詫異的\n而且口條很不順 不應該檢調不順的部分嗎?\n2018年到現在XD 可能已經不適用了\n假如想學的人可能要找別家課程跟版本更新的會比較好\n但前半網頁部分觀念不錯 除了做網頁之外 也可以順便練習一下排版', '學到很多UI小技巧', '老師的課程內容設計地算蠻紮實, 有教到實用地 UI /UX業界觀念、技巧，只是可惜蠻多單元只有講述，都沒有上字幕，光聽過去也有沒畫面整理真的會蠻難吸收，也會怕聽不清楚會錯意，這點很可惜，故減低了評價；另外是因為UI設計的工具一直在進化，這裡提供的資訊可能版本已經不是最新功能跟做法，不過對從基礎學應該是不太影響。老師蠻認真，看提問欄也都有回覆，這點加分！對剛入門的新手還是蠻實用的課程。', '課程前半段講到的UX概念很詳細，非常適合新手，但XD軟體操作的部分感覺講得不夠細，PS介紹的篇幅有點太多，而且web介面其實也能用XD去設計，不過也有可能因為課程是2018出的，軟體缺陷較多，雖然有點可惜，但還是學到很多。', '開課時間比較久了，比較適合初期想了解介面概念的人上', '從基礎概念到教學都非常仔細~', '前期講的太雜，後半段口條不是很ok!\n如果知道途中會換老師，我不會買這堂課，以後也不會買這個老師的課', '適合新手及想大概了解UI是怎樣的人\n前面幾堂偏理論的課要稍微撐一下，之後實作的課就輕鬆不少，老師講解得仔細也易懂\n後面app的部份換男老師，授課上比較生澀了點，但並不影響對課程的了解，', '這應該是2018年錄製的吧,對現在來說有點年代了,有些介面操作都不一樣了,原本期待XD的操作方式會講更多的(我是因為XD才買這堂課),結果不是我想的那樣,有點失望', '新手可以由基礎入門、前面的學理篇章可能有點難熬，就硬啃一下吧\n想轉天賦的中老手也可以快速了解領域基本差異', '上到後面突然換老師有點疑惑，前面PS部分都很詳細介紹，也介紹非常多有用的資源，感覺學習到很多。後半使用Mac教學XD有點困擾，畢竟是因為使用windows才來學習XD，許多資源也只有iOS有，因為課程已開許久，跟現在版本不太一樣，需要花點時間找解決方法，但是有不少同學留言分享，因此大部分都可以順利解決，如果是UI/UX新手，很適合上這堂課，謝謝老師們的用心！', '學習到整個UI的流程，透過兩位老師一步一步的帶領實作，了解了很多UI製作的細節，感謝老師們用心的準備這門課程。', '透過這門課同步跟著實作之後，學習到了設計的基本概念，同時也學習到兩個軟體的操作。十分適合新手認識軟體及網頁、UI設計。', '課程著重在UI與 adobe Xd\n對從來沒有接觸過UI專案領域的初學者\n可以快速建立起流程架構\n從設計前到設計中都有整理資訊\n還有給予滿多靈感參考來源及設計規範乾貨\n在APP教學的單元33-35部分，真心學到滿多的\n用很淺顯易懂的方式說明單位的部分\n\n另外，Adobe Xd 現在也不停地更新\n變得更好用了^^', '內容很豐富，步驟仔細，跟著做練習學軟體更快~', '適合新手，基礎教學', '感謝兩位老師用淺顯易懂的方式教授課程，讓新手也可以快速上手，也了解到業界對於 UI 設計的規範。', '雙師資將ＰＳ和ＸＤ用實作方式有系統地講解\n讓人學習不會感到混亂！\n不管是新手入門上課或是想學習ＰＳ和ＸＤ都可已上這堂課程！', '非常實用！ 清楚', '非常感謝老師用心的教導', '老師講課速度對於入門者可能有點快\n但講解很詳細 可以多聽幾次\n也需要多多練習 自己實作 才能真正的進步', '老師教得很仔細，教的淺顯易懂', '很值得推薦的好課程～', '有帶到很多UIUX的觀念，加上軟體的基礎操作教學也很完整，值得推薦!', '除了PS、XD軟體的實際演練，也有介紹UI/UX，\n很適合新手或是想轉職想了解UI/UX的人!', '跟自己從網路自學比起來，兩位老師整理過的課程更能讓初學者容易吸收。CP值蠻高的一門課程，很推薦～', '適合初學者，學到很多UI的基礎觀念及XD的使用，不過版本較舊跟現在XD的介面及功能會有些不同。', '從零開始完整介紹專案流程，很適合初學，老師也講得很詳細!\n下列兩點是我個人認為不太好的地方!\n1.課程上傳時間是2018，XD軟體有些不太一樣然後也有課程附件缺失。\n2.個人是因為沒有mac才選擇學習XD，前半段網站是Windows， 但是XD這部分老師用mac教學讓人有點跟不上!', '課程內容非常仔細講解，可以了解到各個工具的使用，對於沒有基礎的人來說，可以快速的熟悉工具', '老師上課介紹滿多相關素材，有逐字稿可以從中查閱很方便', '課程內容對於初學者容易理解，老師講話很有條理，可以建立UI的基礎觀念以及學到一些設計技巧，幫助自己去思考專案背後的邏輯以及各個面向。\n最後APP的部分，有些地方講得比較快，有很多細節還是建議要看其他文章及相關資料，自己去慢慢理解與思考。', '課程內容十分豐富,講師也分享很多UI設計上的實作觀念.平時靈感養成素材及相關的設計工具!', '課程內容豐富', '內容充實，收穫良多', '每個步驟都講解的很細心\n推薦給初學者來觀看唷', '老師的講解和準備的教材都很用心!', '值得購入!', '能馬上知道XD的幾個常用功能與案例', '分享了很多不錯的觀念，而回覆也很熱情！', '後半段38單元之後建議用1.25倍速度觀看比較省時~', '課程內容豐富，單元38 開始上XD 課程，有些 要下載的素材 找不到下載點，操作卡關 ，老師 沒有空回覆，\n也是看了同學的詢問 再自己慢慢試', '老師提供了很多資源跟學習平台，適合毫無基礎的人很有幫助，在課堂裡講述的觀念也很實用!!', '把很多觀念講得很清楚\n也提供很多有趣的外掛跟相關的小工具，很實用!', '有點年代的課程了，講師所使用的XD版本與最新的介面已不太相同。', '老師的步調不快也不慢,可以一步步跟著學習.\n課程內容有很多延伸的東西可以自己去學習!\n', '老師概念很清楚，對於入學者很有幫助，有實作練習，和多元的素材介紹(沒靈感的時候)，可惜有問題比較無法直接回應(答案是找到了^_^)，能重複看，超棒，實際上課(學校教室)也超想倒帶，快轉，只能線上才能做到。', '跟著兩位老師的教學\n一步一步做出成品非常有成就感\n唯一缺點是這個課程已開設許久\n導致老師較少花心思在回覆同學的問題\n課程內容規劃淺顯易懂，我的photoshop技能也不知不覺提升了！', '不錯的課程 ', '課程內容豐富且詳盡,唯有可惜的地方是不少同學提出的問題得到回覆很慢,希望老師的回覆能夠快一點：）', '以一個想踏進的UIUX新手來說，這堂課程非常值得推薦。在課程當中，不僅是軟體的操作，也分享設計的經驗。\n也希望兩位老師日後可以再推出其他課程', '學到很多UI相關知識，還有很多實用的網站，老師們都會幫忙整理好也會一起帶著做\n如果有ps或ai基礎會更快上手', '課程教學說明清楚，提供很多實用的工具和網站，對我來說是個很不錯的實用教學課程。', '可以從頭清楚知道對於UI實做的內容，對初步接觸的人來說非常受用', '老師講解仔細、操作起來容易上手', '兩位老師分享的設計相關網站和素材網站非常豐富，後半段對於第一次接觸APP設計的初心者有點燒腦，非常需要反覆多聽幾次+動手實作。', '內容實用 在示範案例時分享了很多業界的經驗與製作時的細節\n對於剛接觸UI的新手來說很有幫助 整體來說很推薦', '細節和其他軟件使用與分享，都相當實用。', '對UI有興趣的人\n是一堂很棒的建立基礎觀念課\n實作部分建議有其他adobe軟體(如Ai、Ps)基礎觀念及操作技巧較容易理解\n花了兩個多月慢慢的把這堂課看完了 開心', '適合對UI領域感到好奇的同學或初學UI設計的新手們, 這門課從設計觀念到基礎的實作一應俱全\n雖然課程的軟體跟現在新update的版本有些許不一樣, 但並不會有軟體學習上的出入\n\n課程內容的架構有條理, 兩位講師講解的都清楚, 只差有些實際操作的章節講得些許快速, 沒有把過程細項描述清楚 (特別是使用鍵盤快捷鍵帶過的部分), 這方面可能會讓不熟悉這些設計軟體的同學, 跟得措手不及\n\n雖說如此, 兩位講師的專業絕對是肯定的, 很開心與他們學習到了許多UI的知識, 也開啟了我對UI領域方面的好奇及興趣\n', '課程內容豐富，上課時數很長~整體來說可以學到很多受用的觀念，也可以從細節中學到軟體操作技巧，對工作實作有幫助~', '課程內容紮實、實用、淺顯易懂', '從零到有完整介紹專案流程，很適合初心者～\n但覺得要做到完整專案程度有一點平面(PS、AI)底子會更好。\n\n>>>給想買這堂課的人一些方向\n(A)可能時間上的問題，後半部APP教學UIUX有些概念會比較快速帶過，\n推薦""邊上課邊估狗查詢關鍵字""，學習上的手感(?)會更好。\n(網站的部分基礎觀念很完整，到UI與UX的部分觀念反而會讓人有疑慮)\n\n(B)因為課程上傳時間是2018，XD軟體有些不太一樣了～然後也有課程附件缺失。\n\n(C)個人是因為沒有mac才先選擇了Xd軟體學習，前半段網站也是windows，\n但是Xd軟體這部分老師用mac教學，恩...有點措手不及(???)，\n有些外掛資源需要mac才能使用，另外老師在操作快捷鍵時如果沒有mac使用經驗也需要另外學習一下。\n\n(D)建議上課前先看那章節的問題討論，可以省去很多找答案的時間(包含某些軟體問題;))\n\n總歸，這堂課仍然是相當好的指路燈塔，基礎概念循序漸進，是十分受用的課程。', '課程前半部分因為photoshop操作的關係，因為一邊聽課一邊操作也許會花費許多時間，課程節奏也會因為個人熟練程度變得比較慢，後半部課程講解過程中稍微偏快，但也不會對學習造成很大的障礙，其中老師也載可堂中提醒一些細節，讓同學實際操作上能夠避免犯不該犯的錯誤。課程中唯一可惜的地方是老師提供的guide guide me在試用14天之後就必須付費才能使用，invision也因為官方改版的關係在操作時無法和老師同步，後半段課程老師提供的物件有些許素材無法全部下載。', '老師們 好，\n感謝各位老師願意分享自己的所學。\n課程對初階者來說受益良多，仍有些地方希望老師解惑，看到有些留言3個月未得到老師回覆，希望能等到... 部分單元提到有附件，但並無附上，希望老師可以撥出寶貴時間，讓學生們的學習更完整。', '課堂名稱""Adobe XD / PS — 網頁設計 與 UI 教學""，容易讓人誤以為是軟體教學，但其實上完課後我覺得""UI/UX 設計觀念才是本堂課的重點""，對於想從事UI/UX的人或是第一次接觸APP UI設計的人，在這堂課可以學到很多基礎觀念與設計技巧，個人覺得十分受用。', '兩位老師都講得非常詳細，還有實際的專案操作過程，很讚！', '從零到有完整的介紹專案，讓我了解整個流程，值得推薦的一門課程', '除了軟體的操作技巧，不時輔以觀念講解，除了學會軟體，更重要的是建立應有的觀念。而且穿插業界的實戰經驗，更讓我了解踏入此領域要著重的觀點及方向。', '同時適合本身有平面設計經驗的人～', '無任何基礎軟體的人也可以按部就班, 漸進式的上手.\n只是在後面的 Prototype 的演示有點小可惜, 無 gesture(swipe n slide etc.)\n或是現在流行的*深感壓 演示', '課程內容紮實、實用、淺顯易懂', '很適合初學者\n內容淺顯易懂也很豐富，能夠迅速了解\n也有實作一步一步帶著一起做，聽完受益良多。', '內容清楚，循序漸進\n希望老師可以開進階課程', '快速統整觀念與提升技能，幫助很大，除了感謝還是感謝。', '課程安排很清楚,因工作需求要設計網站,按照老師的課程邊做邊看(跳著看),非常實用,並完成自己的工作任務,非常推薦此課程', '無論是思考上或技術上的教學都能有效地吸收。\n另外課程中還有許多資源分享，十分感謝老師的用心。', '老師講解深入', '對初入門的人，能迅速了解並上手UI的原理原則與實作。', '學到了很多技巧和技能，謝謝老師用心教:D還有辛苦的回覆~', '這堂課程有非常有用的教學！\n從和使用者的訪談開始，到和工程師的合作前置流程，都講解得非常清楚，讓想進這一行的迷惘人們鬆了一大口氣！\n學到了很多，大感謝！\n', '老師的課程大綱是廣且清晰的，所以在聽課的時候會覺得很容易吸收!推薦想要有初步概念的新手', 'CP值很高的ㄧ堂課，講的很詳細且給了很多資源\n淺顯易懂 一步一步帶著你的感覺，聽完獲益良多\n\n小缺點就是真的如同其他同學的評價一樣聲音忽大忽小的\n戴耳機的人會聽的很累', '教學淺顯易懂，適合初學者學習！', '對初學者來說非常實用好入門，跟著影片做例子也很容易達成!', '內容豐富、實用', '淺顯易懂', '很用心的課程', '課程很豐富，從初階可以一路學到進階', '我覺得還不錯！', '課程規劃很流暢,非常適合初學者,獲益良多!!!', '老師提供了很多設計上的資源與溝通的想法覺得很實用也很實際，希望自己未來也能夠好好琢磨繼續進步！', '課程內容淺顯易懂', '前半段課程有許多PS實用的作圖技巧，後半段有大致提到guideline並實作，很實用!', '軟體+專案範例，幫助很多', '對於後半段的app ui部分觀念有些疑慮', '謝謝老師耐心的教導並分享業界經驗。', '兩位老師非常詳細的介紹軟體使用以及實際專案示範。\n還有提供素材給學員練習，\n是一堂CP值很高的課。', '有完整的流程介紹，也有PS及XD製作教程，非常的詳細說明。', 'useful', '在專案製作上覺得可以再慢一點，特別是APP實作的部分，還有要能多講解或實作幾個例子會更好!\n作業可以再出多一點~~~', 'ＯＫ', '簡單明瞭，很實用', '說明方式好理解，不錯!', '課程內容豐富簡單明瞭，可以學到很多設計概念。', '不只教軟體,也給了許多UI/UX觀念,\n只是最後結束的很突然', '內容清楚，範例製作很詳細。', '講解詳細，能夠短時間暸解UI。', '很推薦學員可以實作自己想要做的專案!!遇到不懂回去翻課程，這樣會很有效率!!\n課程優點：\n1.課程邏輯流暢\n2.專有名詞清楚\n3.實作有條理\n結論：推薦!\n', '教得清楚且容易理解，基礎觀念都有帶到，很適合初學者上的一堂課。\n在自學的時候常常遇到網路資源很多但沒有辦法有系統地吸收，這堂課幫我解決了這樣的問題，\n感覺上完比較不會像之前，看了一堆文章卻不知道怎麼應用。推薦！', '內容豐富，講解清楚，難度適中，都是很有用的技巧！', '有接觸過會更容易上手，對於沒有基礎的也很有幫助', '一個能讓初學者或外行人對網頁設計&UI快速上手的課程，有基本知識會更容易上手', '概念都講解的很詳細、貼心', '課程內容相當豐富，對於初學者給了許多學習的方式以及幫助，我覺得相當超值。', '學到一些基礎的概念及操作,對於網頁及UI初學者是不錯的入門課程', '學到一些基礎的設計概念，內容也很充實，\n是適合一個剛接觸UI介面設計的人。', '有PS的網頁製作和XD的app教學，除了軟體的過程教學也有app的理論和規範，很好 😊', '課程內容很豐富且扎實，教了很多概念～～不只單純教XD，學了很多！', '很詳盡 很能理解一些細節', '這門課是一堂快速入門ui領域，前面老師分享的素材很棒也實用，從訪談到切圖的流程全部走過一遍，清楚明瞭，在guidline的部分，上官網看過有點不太了解，但課堂上僅兩堂課就整理得很清楚，值得推薦。', '從建立觀念到實用經驗, 對入門者幫助很大, 課程很豐富, 能很快速上手', '因為是募資時候購買的課程, 覺得性價比ＯＫ, 但是募資後的價格, 就會考慮一下～\n線上課的確減少很多冤忘路, 幫助建立設計觀念, 幫主使用工具, 但是陸陸續續還是會發現\n後面還是有很多得自己去挖資料, 培養經驗, 去創造。\n總體而言, 這門課是適合初學者, 由兩位講師完成的線上課程, 彼此的教學風格不同\x08\n個人喜歡前半部的觀念教學, 還有後半部XD教學使用是也條條有理, 只是說最後一堂結束的有點倉促。\n', '自己本身是設計背景想轉職UI, 這堂課讓我更加了解一些必備規範和原則', '使我克服對ps的恐懼', '老師講的也很清楚', '講解得很仔細', '課程詳盡且提到許多設計師的個人經驗，對於完全沒有程式背景的我來說十分有用', '本身是動畫設計師，對於UI原本只是有興趣想嘗試看看，上了這堂課之後真的學到了很多實用的知識，包含建置網站的基本認知與圖面的設計編排(上完這堂課之後設計功力也提升了，謝謝Ellie老師與Louis老師)，適合想轉職當UI設計師的人們!', '課程內容豐富，老師講的也很認真清楚', '我覺得課程規劃和實作都很有用', '初次接觸能有基礎的概念課程，還能知道老師的經驗覺得物超所值。', '一直想踏入這個領域，卻一直沒有遇到很好的入門課程，這次總算是遇到了，以價格和課程內容來說，CP值已經超過我的預期，對於想接觸UI設計的人來說，是一門可以輕易上手的課程。', '適合不同程度的學生，無論是否為曾接觸相關領域或操作相關軟體的經驗者，都能隨著觀看課程章節，有慢慢爬升的感動（真得有斜坡的感覺）。除了基礎概念、技巧應用與小撇步，老師都不吝嗇的努力在課程中分享，讓這門課就像闖關收集寶物一樣，有額外加乘的作用。', '課程內容實用且豐富！\n部分影片有聲音和畫面不同步，聲音忽大忽小的問題@@\n雖然後來有修正，但若能在影片上線前再次確認就更完美了~', '老師內容準備用心，對於網頁設計有更深入的了解，希望之後可以開有更多實作內容的課程。', '錄製品質可在提升，錄音設備有時會忽大忽小且有雜音，因為用耳機聽所以有時會不太習慣~', '教課清楚條理分明\n', '第13單元實在太佛心的！整理了超多參考素材連結，這是多少年累積的經驗，感謝！', '對於零基礎的學生來說，這是了解 UI 設計的基礎入門課程。', '目前進度61%感覺還可以', '謝謝老師用心的安排跟無私的分享自身所參考的網站工具以及工作上所會遇到的一些經驗，從訪談開始、基礎概念、軟體操作到最後的原型設計讓零基礎的人也可以輕鬆上手受益良多', '感謝老師這麼用心準備!這麼棒的課程!! 讓我找到需要注意的細節!!', 'Ellie老師的課不只是專業軟體的操作教學，還有設計觀點和美感技巧的詳細解說。\n很扎實完整的從設計前的準備包含怎麼跟客戶溝通，到設計草圖製作，最後到設計和製作prototype，\n就算是零基礎的同學也非常適合，讚！']","['適合初學者和有一定基礎的人，內容豐富且易懂。', '老師教學用心，講解細心，但有些問題需要自己解決。', '對零基礎的初學者很友善，可以快速建立UI設計流程概念，實用性高，值得推薦。']"
2,從入門到業界實戰 - UI / UX 前端網頁設計,4.85,170,2383,4814,2500,"從0到1的網站
http://ui-ux-webdesign.com/hahow-course/CV_demo/
http://ui-ux-webdesign.com/hahow-course/fullPageWeb
理解 UI / UX
熟悉專案流程
做出自己的作品集
了解設計視覺風格
掌握基礎 icon適性設計或其他介面元件的設計
讓設計成為可用的網頁技術
釐清設計需求，減少溝通成本
專案手刻切版、建置版型的能力 
交到兩個不斷自我挑戰的朋友XD (自肥","['棒棒', '棒', 'Great course', '上課心得回饋', '內容豐富', '課程超級棒', '值得推薦的優質課程👍🏻', '謝謝老師細心教導!', '課程易懂', '課程內容可以，但是老師完全沒有在回覆訊息', '課程豐富淺顯異動', '值得推薦的課程', '值得推薦的優質課程', '感謝老師用心教學', '值得推薦的好課', '內容豐富，講解清楚', '不錯', '清楚易懂', '值得推薦的優質課程👍🏻', '推推', '優質且紮實的課程內容', 'good', 'CP值超高，不能錯過的各種介面基礎', '謝謝讓我成功轉職♥️', '輕鬆入門網頁開發', '紮實又按部就班的好教程', '想買這堂課的同學們看一下吧！', '五星', '講解詳細的入門課程', '很值得的課程！←(>▽<)ﾉ', '從入門到業界實戰 - UI / UX 前端網頁設計', '高CP值的課程內容', '入門前端網頁設計的好課程', '物超所值的課程', '進入網頁程式的入門殿堂', '非常扎實的課程', 'CP值很高 從0基礎都可以開始學習', 'CP值很高  從0基礎都可以開始學習', '課程很棒', '一堂非常扎實的課程', '好學易懂', 'CP值蠻高的課程', '從入門到業界實戰 - UI / UX 前端網頁設計', '非常適合零基礎同學的課程', '優質又扎實的好課', 'UI / UX 前端網頁設計', '心得', '適合新手', 'cp值超高的課程', '適合新手入門的網頁設計課程', '非常詳細的一門課程', '內容超豐富', '課程實用，順利轉職成功', '架構完整、邏輯清晰', '課程內容豐富多元', '內容很多 細節需多注意', '遇到安裝檔案問題難以解決，無法繼續上課', '真心推薦！', ' UI / UX 前端網頁設計', '從入門到業界實戰 - UI / UX 前端網頁設計', '從入門到業界實戰 - UI / UX 前端網頁設計', '內容很豐富', '收穫超多', '5 stars for sure', '很棒的課程', '真心推薦', 'CP值很高的課程', '學習UI/UX的必備技能這堂課都找得到', '實用的課程', '非常實用的課程', '非常受用！講解詳細一步步領你入門的課程！', '整理統整所有觀念的好幫手', '實用好學講解清楚明瞭', '超級受用！', '內容非常豐富', '對初學者很有幫助', '時數超長講解超仔細', '最物超所值, 內容完整豐富的前端課程！', 'UI/UX能力提升', '很受用的一門課程！', '簡單明瞭', '感謝', '上課心得回饋', 'UI / UX 前端網頁設計', '很值得推薦', '內容豐富', '內容清楚', '適合所有人的入門', '內容很完整', '課程內容清晰', '課程豐富', '很棒的課程', '課程內容豐富', '一些個人意見', '一些個人意見和對其他人的建議', '這絕對是顆大補單', '有用簡易', '非常豐富', '超級豐富、扎實、專業與佛心', '內容豐富', '內容豐富', '很不錯', '推薦', '很值得的課', '很適合給新手練等的課程！', '推薦', '實用度高', 'CP值很高的課，但希望能附上所有課程講到的網路資源和教材在備註。', '不錯的課程 蠻值得', '內容超值', '整體來說課程內容非常充實， cp值超高', '淺顯易懂的教學~很棒', '課程實用', '教學面向廣泛', '相當實用', '物超所值 非常棒的課!', '外行人很努力的學', '不能錯過的一門課！！！', '很棒', '超級無敵實用的', '完整的課程', '非常棒的課程', '課程很完整', '老師很用心', '值得一看再看的好課程', '很棒的課程', '課程內容完整cp值高', '課程內容完整cp值高', '很棒的課程超值得推薦！', '恩... ', '講解很仔細', '很棒的課程!', '值回票價的好課程', '謝謝老師！！', '推薦！', '超級實用！', '很好的入門課程', '推薦～', '由淺入深', '不錯的入門', '非常實用', '值得推薦', '值得一推的課程', '這是一門ＣＰ爆表的課程！', '感謝老師這麼用心準備這麼棒的課程', '講解的真的非常仔細，完全適合初學者！', '課程時間太長', '內容豐富精彩', '大推！', '對程式白痴很友善：）', '內容豐富超值', '很棒阿，很适合UI设计师入门', 'ＣＰ值太高了！！務必購買本課程！', '內容超豐富，CP值爆表', 'CP值很高~~', '推推推！ＣＰ值太高了！！務必購買本課程！', '大推~~CP值高的課程', 'CP值太高了吧', 'CP值超高', '優質課程', '這是我真心推薦別人來買的一門課', '超級好課大推！', '推薦大家學習這堂課', 'CP值爆表，知識量超豐富!! 大推', '非常有收獲', '鍵盤手工藝', '有好有壞', '講解仔細！搭配許多實作練習', '又是一門非常超值的課程!!', '真心大推！！！']","['老師的說明很有條理和清楚，整個教學也很有組織性，扎實的課程謝謝老師。', '棒', 'Great course', '謝謝老師用心的課程內容', '內容豐富', '一步一步跟著老師把自己的網頁做出來很有成就感！\n是一堂真的可以有成果的好課程', '內容很豐富', '簡單易懂 很棒!', '老師講解與口條很清楚，對初學者來說可以好好地打下網頁基礎。', '課程內容不錯，但是看底下留言有問題老師都沒有在回覆', '這價格的CP值很高', '內容豐富，從切版到製作wireframe一次通包，學到很多，對於初學的我很友善!!', '值得推薦的優質課程👍🏻', '因為一邊上班一邊學習的關係，花了很多時間慢慢吸收。感覺得出來老師用心準備教材，提供的範例也有很大的幫助', '程式部分非常適合新手入學，每個步驟都教得很仔細，邏輯跟結構也都很清楚，會提到很多程式該注意的細節，\n學完之後，基本上對於程式打底很有幫助。\n後面設計的部分講的比較概略一點，聲音有時候比較不穩定一些。', '我過去沒有系統性的學過網頁設計，都是自己上網查找資料，或是看看Youtube上的影片。直到上完這堂課之後才知道原來有那麼多東西可以學，像是css檔案的撰寫方法、要reset樣式以及bootstrap的功能等。除此之外課堂上製作的範例也都很好看，而且都會一步一步從無到有帶著做，讓我在學習的時候一開始看到老師提供的成品可能會有點畏懼，但實際上跟著練習的時候可以慢慢地建立信心，並且把東西做出來。\n唯一比較可惜的是因為前端工具不斷地在更新，所以有些內容可能已經不是適用。例如如果是用CDN引入bootstrap的話，現在官方最新版是version 5 ，是用flex寫樣式，但課堂上是float方法，所以這方面可能就要再去其他地方找學習資源，不過這些網路也都有免費教程，所以整體而言也不是太大問題!', '對新手滿有幫助的', '聲音大小每一集差很多滿惱人\n然後就是版本有點久，自學的可能得斟酌一下\n', '值得推薦的優質課程👍🏻', '推薦想入門前端的人可以打下一些基礎~', '課程內容十分用心\n老師手把手教導如何手刻網頁\n值得選讀', 'good', '蠻久之前買的課程，當初只是想轉職受用，沒想到裡面包含的內容應有盡有，\n除了界面實作，還有網頁程式受用的CSS、軟體手把手練習，整個專案實作，\n忘記也能一直複習，相當受用。\n\n但建議不要完全連主題照做😂，我個人沒有，但之後工作面試時跟人資聊過\n他說有看過好幾十個照抄HAHOW作業一樣的專案，笑死。\n\n雖然到現在過了幾年，除了軟體版本略有差異，介面規範也要再調整外，\n還是相當受用，依然建議購買外斟酌獲取資訊。', '我是2020年尾的時候開始自學 UIUX， 第一步就是從這堂課開始，學著學著發現自己對 Front-End 更有興趣，於是開始 focus 在前端技術上。\n\n我要謝謝這堂課，幫我建立了很多很好的觀念，我是在待業的狀況下整天自學，每天都要求自己的進度及寫課後筆記。我在後來去受了實體的訓練，並於一年後成功轉職為遠距前端工程師。現在回頭看當時寫的筆記心裡都很感動，就是自學的這段時間累積的小習慣，才讓我在短時間內有大幅度的成長。\n\n最後勉勵所有想精進自己或是想轉職的人，現在的努力，會成就未來的樣子。\n我在工作上也接觸到非常多優秀的 UIUX，不管走前端或是 UIUX，只要專精就會有豐碩的回報的！', '本身是設計系學生，對前端完全零基礎的情況下，兩位老師運用淺顯易懂的方式講解。\n同時搭配做中學習的方法，可以有效地建立前端開發上的基礎，易於日後的學習更深入的知識！', '無論是從零開始還是對介面設計、網頁語法已有基礎的人都可以得到滿滿收穫！\n', '這堂課是2017的課程對於學習來說真的很多東西都要花時間研究花時間去自己找資料.\n但是老師提供了非常好的一個學習方向去學習,本來買線上課程就是對自己自學能力要有點能力才有辦法學好學滿的！\nsketch的部分比較讓人失望,因為太多東西都沒有了,我建議想學網頁設計工具像XD figma sketch的話可能別的課會比較好\n而且sketch更新速度很快所以有很多插件會跟不上sketch的更新速度這是一個重點,像是我在做mockup的時候就\n沒辦法使用magicmirror去做在新版sketch上\n但我覺得程式的部分真的蠻完整講的也很好有個基礎的概念去再往下進修下去\n總之這堂課我學到很多未來複習我覺得也幫的到忙\n另外大家可以去看我作業的地方的個人網站哈哈', '持續進步', '目前看到一半，內容循序漸進，講師講解清晰，獲益良多。缺點是這是2017年開課的課程，教學中使用的很多網路上的工具都已經進版，網站的頁面也大不相同了，如果要跟著操作會有點困擾，最後還是下載課程附件檔案在實作上比較不會有問題。\n但這也表示沒有更新的內容快要跟不上現代的應用了，如果可以是希望能有一個單元對於各種工具的改版做一下簡單的解說，雖然知道有點難....', '詳細、仔細的教學內容。\n自己覺得的小缺點是課程長度不一，會比較難抓時間跟安排進度。', '入門前端網頁設計的好課程，非常扎實且實用。推推', '遣詞用字不會太艱深，輔助教材與相關資源豐富，\n內容紮實，且容易理解，整體規劃對初學者很有幫助！', '老師很清楚的介紹構築一個網頁的所有流程和細節，也示範很多次完整的製作流程。上完課後可以有一個很清晰的製作程序！', '是我目前在HAHOW買到最物超所值的課程，講的面向很多，除了基本的程式碼撰寫外，介面設計跟SEO等都有講到，十分推薦\n完全零基礎的人看了可以學會，上了課程對於自己工作上有很大幫助，謝謝老師。', '內容豐富充滿乾貨，老師講解也非常詳細。雖然對於新手比較需要時間操作，但可以一直重複看真的超棒，收穫很大！', '超讚', '可以順利銜接UI跟前端的基礎', 'CP值很高，從0基礎都可以開始學習。去年開始轉設計以後又遇到線上展，終於找到可以不用舟車勞頓、可以配合上班時間就能學習CSS的課程。這樣就可以融合多媒體創作做出更好的作品了！', '謝謝老師', '課程非常扎實，老師從基礎到業界一步步帶領，非常優質的一堂課!', '影片內容清楚，邏輯脈絡清晰，但建議老師可以多講點javascript（雖然是個大坑', '對於初學者說淺顯易懂，很不錯。', '非常實用的課程～', '一直想自學的我，網路找了許多課程，但好多第一句就霧煞煞。\n終於找到這堂課，成功脫離編碼小白!', '每一個步驟清楚又有邏輯，很好吸收！尤其老師會透過不同的實作重複練習之前學到的內容，幫助加深印象，深化學習！第一次學習程式語言，可以上到老師的課覺得感恩~~', '前端網頁程式講解很仔細、扎實，非常適合剛入門的新手。', '內容詳盡 , 介紹了些我未使用過的jquery套件\n還有很多網頁設計的小細節 , 以前都未注意到\n推薦上課', '淺顯易懂', '很實用的入門課，講解細膩、易懂，內容豐富!', '課程講得很詳細   適合沒有接觸過網頁程式的人學習', '學到很多基本觀念，對於工作有很大的幫助，感謝開課。值得推薦。', '內容超豐富', '按照課程教的方法，學會使用sketch，還有很多UI設計的觀念，\n讓我順利在公司內部轉職UI Designer。', '之前雖然在學校學過網頁的前端程式撰寫，但學得很細碎又沒有系統，學了卻不知道該怎麼用；上了老師的課重新把之前的東西撿回來，覺得架構變得很清晰，而且跟著老師實作後，會知道自己之後可以如何運用，不會只是跟著老師照打code跑出一些東西而已，整體來說很推！\n唯有一點要注意的是，因為課程不是近期錄製的，內容很多都已改版，例如 Can I Use 的網站已改版許多，但這不是老師的問題，很多東西自己再稍微查一下都可以解決的（都已經來上線上課程了～相信大家會有一定的自學力XD），因此如果會介意課程內容與目前版本稍稍不符的人，上這堂課前可能要考慮一下～但如果想把前端程式的觀念有系統的學習，這堂課會很適合你！', '學起來非常充實', '內容很多 小細節希望可以多注意\n字幕細節很多上錯\nheader 字幕上成""黑的""\ndefault 字幕上成d4很多次\n看了很干擾學習\n也希望老師多注重一下英語發音 有的念法差太多\n謝謝', '前述清楚但安裝檔案一直無法進行', '內容相當豐富，講師邏輯清晰\n真心超值大推！！！\n\n', '課程教學淺顯易懂、實用、物有所值，對於基本語法知識更加瞭解，教學步驟詳細，希望能將所學運用在工作方面上', '內容包山包海，CP值超高！', '內容豐富，獲益良多', '內容很豐富', '很扎實的一門課，從UI檔前端基礎收穫很多', 'This class showed me what are the basics for being an UI/UX designer takes. Info rich course!', '內容實用豐富，上完課程就能理解HTML的架構和操作', '課程內容豐富,學到了技術也能學到很多觀念問題，設計從0開始', '在寫網頁程式的部分可以學到非常多的內容，以這堂課的價錢來說是相當划算~', '教學內容豐富有趣、分類明確，可針對不熟悉的課程再三複習，學習效果極佳', '課程相當基礎且實用!\n因為接觸Hahow提供的基礎課程，我才能理解我自己的興趣不是在這塊。\n謝謝你們詳細教學，很受用，我也透過了這們課程確立了自己的方向。', '教學淺顯易懂,從基本觀念開始逐步建構起對網頁和程式的認識,\n非常適合沒有任何程式基礎的人作為入門的課程～\n', '兩位老師的課程非常淺顯易懂，如果對於網頁前端一開始沒有涉略，被網路上各種資源搞得昏頭腦脹的初學者，這門課很適合你，課程設計比較有系統的整理，內容也涵蓋蠻廣的，可以對這個領域一開始有個比較全面的認識。', '自己有自學前端內容也比較過其他課程\n這是我第一個買的線上課。課程的觀念講解清楚，我覺得很好\n因為觀念要清楚，之後才能靈活運用，寫出來邏輯會清晰\n不會說一做變化或是一做想要的效果，就死在沙灘上 XD\n這是我覺得最推薦這個課程的地方。\n講師的講解，讓我能將我自己零碎查到的知識融會貫通，讓我感到買得很值得！', '謝謝這次的課程，\n教學淺顯易懂，基本語法知識更加穩固，步驟詳細，非常實用，邏輯轉換也變得比較快速些，希望能學以致用到各方面上。', '課程內容豐富且講解詳細，讓人越學越感興趣，課程分類得清楚，後續想複習非常方便，\n讓第一次接觸的人也能實做自己的網頁，非常有成就感', '老師算是手把手教學，所以適合新手(有些快捷操作比較快,要上網查一下)，且內容真的是一條龍什麼都有，如果對前端有興趣，卻不知道哪方面適合自己，這堂課可以讓你一次了解很多關於前端的大小事，真的非常超值!!', '老師一步一步非常認真的講解！我很容易就聽懂', '一個時數超長講解超詳盡的課程，沒有程式底子反覆看也能快速學習，也符合業界需求。', '本身大學是資訊工程系的學生, 雖然學過程式語言,但不專精也沒有做過相關的科技業工作,偶然在從其他產業想跳回科技業時對網頁產生興趣開始尋找相關課程,在學習完Joy老師所設計的課程後做了幾個作品集,最後也順利的找到了相關的前端工作,現在再回頭來看當初這門課的規劃及售價發現這包課程真的講解得非常清楚且明瞭,售價也十分便宜！在觀念上從基礎到應用逐步帶領, 並再進階部分講解了幾套CSS的管理方法論,對程式管理未來的擴充及維護都有相當的實用性, 憑著這些基礎再搭配其他JS相關的課程擴充程式邏輯的部分就可以做到中階的前端工程師了.\n感謝Joy老師當初細心謹慎的規劃,造福眾多想踏入這圈子的學徒～', '老師的教學淺而已懂，深則實用，讓我從入門到現在能自己執行公司專案。裡面許多東西讓我能夠扎時的打好基礎，在憑藉這些基礎慢慢堆疊自己的能力。', '課程內容淺顯易懂，讓完全零概念的新手也能刻出一個基本網頁，希望老師再推更進階版的課程！', '整體網頁設計對於初學者可以很快上手', '內容講解清楚，觀念由淺入深，很讚！', '很棒的課程，不僅能學到技術也能學到觀念~講解得很清楚!!', '課程不錯，設計到前端', '非常扎實！', '內容豐富多樣', '內容清楚，循序漸進\n希望老師可以開進階課程', '線性教學內容豐富', '上課內容很精彩，但是寫程式部分對於我這種零基礎的人來說，還是有點吃力！', '課程內容安排可採線性與分線性學習\n十分彈性也有助於學習過程中不斷新增知識', '內容很多很精彩', '從設計到架網站都講解的非常詳細，很棒的課！\n', '課程內容豐富，從基礎理論到撰寫網頁實作都有，對想要了解UI/UX的初學者很有幫助，影片教學途中老師也有提供製作網頁該注意的地方，筆記的功能在這門課(因為課程內容多)很好用，可以透過此功能快速找到自己不懂及重點的地方，接下來就是自己大量練習及整理重點，加油。', '先說說課程看下來的一些還不錯的地方：\n1.內容包山包海，從RWD網頁到Sketch都有，其實還蠻超值的，如果是0設計基礎完全推薦來上這堂課\n\n比較可惜的有：\n・每堂課講者的音量大小、音質不統一（其中有幾堂我開到最大聲還是很難聽到講師的內容），對聽者來說其實會造成一定的困擾，直接關聲 音看字幕的體驗會比較舒服，但我想這也不是講者的本意。\n・沒有用章節區分教學內容，在每次要看時其實很麻煩，畢竟有100多堂課，要一直往下拉才能看到上次的進度\n・對自己知道想學什麼，直接跳去該堂課程，會有些東西沒有完全講解：像我直接先去學Sketch，但看的過程中會有一些內容與前面網頁的教學有關（如為何要設定8的倍數），不過在後面沒有再次提到這個概念是在哪堂課提過\n・Sketch的課程內容有點太著重於技術教學，缺乏教學大綱把這些東西串連起來，讓學生可以把教學內化成系統性的知識\n・FB社團還是不給審核啊......有些像是toolbox的替代方案是後來爬留言才找到的...可以放到公佈欄之類的地方比較清楚\n\n一些個人意見，提供給講師作為錄製新教材的參考', '課程整體上的很廣，但是都不精。前面coding的課程很不錯，到了jQuery時對於沒有程式基礎的新手而言會看不太懂，只能照表操作，要自己設計想要的動作時會不知要從何下手。\n後面UI課程節奏和講解很凌亂，設計有許多重點但在講解方面都是口述直接帶過，沒有歸納收斂過，感覺像是在錄影時忽然想到什麼就稍微講一下。在實作部分都點到為止沒有更深入地講解，一些資源和細節資訊以“之後課程會上到”帶過（但卻沒有所謂的之後課程），整體上去搜尋其他文章也能輕易學到這部分課程教的東西。\n最後，講者已經一年沒有回覆過任何課程問題，而且課程資料有些已過時，若因為個人生涯規劃導致無時間，也應該要在公告上告知學生，至少後面購買這課程的學生知道這堂課不會有老師回覆。\n綜合後面課程和講者未妥善處理的情況，我只能給3顆星。\n如果你是想走UI設計偏視覺的話，我建議找其他課程。\n如果你是想朝前端工程師，自學能力不夠，這堂課適合拿來”打一些底“。', '這項課程讓我收穫良多，觀念又加深不少，實戰經驗分享真的超值!\n滿滿的乾貨課程，希望能多出教學視頻。', '簡單易明，適合新手', '課程內容真的相當豐富！從程式語言到UX/UI設計一條龍！！\n缺少一顆星因為太多單元需要語法或是檔案都沒有附上，很可惜', '我從完全不懂 coding 的設計師，靠著這堂課，刻出自己的線上作品集！內容非常扎實，講師很專業，收費也很佛心，非常推薦！', '但真的要慢慢吸收', '內容豐富', '內容很多很豐富，幫我釐清了一些基本的概念', '課程內容充實，相當值得的一門課', '內容豐富易懂 每一段落都是帶新手入門很好的講解 謝謝！', '藉由每一堂課新觀念的建立與舊觀念的複習，搭配老師推薦的一些參考與教學網站，很快就掌握程式的基本應用～sketch的部分如果有更深入的教學就更完美了><\n', '內容很豐富', '感覺所有需要學習到的內容都在這了！', '雖然我是過募資後買的，但我覺得這個課程很值得，內容很完整、很全面，很適合像我在學校只學了一學期網頁還想再補充更多知識的學生。\n\n但我少給一顆星的原因是後面的課程很多講解到的網站和教材都沒有附，都要特別再去紀錄會打斷課程 (課程中說會附上，不知道是不是忘記了)\n希望能補上!', '實作網頁很有幫助，許多不懂的觀念都能更加釐清，還有其他面向針對UI/UX 設計觀念，學到很多!期待後續的JS課程', '從一開始的網頁架構到後續的UI/UX設計，還有業界分享與實做，課程內容時數多且實用CP值高!!', '能以此價格買到這堂課非常十分划算，但唯一美中不足的是有幾個章節真的講得有點太快了，好似概念的概略講解，所以真的想把所有課程融會貫通，建議本身還是需要一些資訊/數位的基本底子和實務經驗，如果是毫無經驗的新手可能會有點太硬。', '教學方式很流暢也仔細,收獲良多~', '從入門網頁程式語言到設計的專案規劃，一路詳細解說，課程時數多且實用。', '整體規劃的內容非常豐富,也跨及許多軟體應用。\n老師教得相當簡潔快速,若沒初步概念在即刻應用上有些吃力。\n仍是CP值很高的課程,一次學到多層面的基礎知識！', '本課程觸及內容面廣，尤其在設計規劃這一塊著墨許多，相當有助益', '有時候買書自學很容易學到早就被時代淘汰的東西 在這裡的話還能高機率接觸有在業界的前輩~也很感謝老師細心錄製這麼優質的線上課程。', '完全設計腦的我在學習程式都超級吃力的，但好險課程架構蠻淺顯易懂，雖然還沒全部上完，但我總有一天會努力學完的，是很值得買的課！', '本身非本科生，但目前有在業界從事網頁設計實習工作。對於網頁的知識和技能都是靠高中補習遙遠的記憶和零散的自學，但一直沒有融會貫通的感覺，每個功能都只是似懂非懂，搞不太清楚“為什麼要這樣做”，無法全靠自己刻出一個完整的頁面。\n\n但這門課讓我真的學會了自己手刻一個有系統且質感的頁面。\n\n前面程式的課程，經過老師由淺入深的講解和數個範例練習，重新幫我建構了網頁設計的觀念，讓我得以將以前那些片段的知識都串接起來並賦予意義，就好像建立了系統性的架構，瞬間有豁然開朗的感覺。\n而後面設計的課程當中，圍繞著從使用者體驗角度出發的核心概念讓我對介面設計更有心得，其中也帶有在實作上的小技巧，覺得非常實用，還有許多有關設計流程及協作溝通上的部分老師也有帶到，個人真的感同身受，覺得是進入業界非常需要的知識！\n\n課程內容實用且符合需求，老師邏輯都非常強、觀念清晰，講解得很流暢，由淺入深的教學方式讓初學者完全不會有負擔，雖然課程多且廣，但完全不會有蜻蜓點水的感覺，每一項都有帶到到核心概念，為我們打好扎實的基礎，並成功傳遞了以後該如何繼續精進自己的精神。\n\n自學就是如此，永遠有學不完的東西，但也因為不斷有新的東西要學才能逼自己向前邁進。但自學路上如果能遇到高人指點帶領，那更能夠事半功倍，節省更多時間去學更多東西！想學WebUI的自學的夥伴真的不能錯過這門課！\n總結，買了這門課遇到老師們真的是上輩子有燒香ＸＤ！！！真的非常感謝老師這麼用心準備這麼棒的課程！\n', '從入門概念到應用，是我符合我所需的', '完全是我想要的課程', '有節奏的進度上起來不會沒頭緒', '不敢相信這樣的價錢可以有這樣豐富的課程，真的超值\n老師解說簡單明瞭，初學者也可輕鬆上手~會是很有成就感的學習經驗喔', '課程前大半段，動手寫網頁的部分，內容豐富、講解清楚，讓零基礎的人可以收穫滿滿。\n後半段的設計軟體方面，較多是基礎點到為止。\n課程主要著重在培養前端網頁的觀念，非常適合入門學習的人接觸。', '希望老師能多補充衍生實例作為參考', '很用心的教學課程，雖然自己目前已經上完了，但對css還未融會貫通，只是照著做出demo，依然很有成就感，等設計出自己的網站後，會再回頭重新上之前還沒搞懂得部分，我想這就是網路課程的好處，非常感謝老師的充實的課程內容！', '非常詳細的課程教學!!', '內容很實用，教學札實～ 又不只有一個軟體教學', '我是以原價購入的 但內容很棒 沒有讓人失望\n', '很棒的課程超值得推薦！', '完課後有點空虛感, 這個學習過程不短, 快轉去聽也不適合入門學員, 有太多內容需要詳細吸收。\n先說第三章節到第九十張節花的時間非常多, 講者的內容豐富也很仔細, 真的有學到怎麼把網頁從0到1的製作出來, 這部分個人比較推。\n\n後面介面設計的部分, 某些說的有點凌亂, 有些細節再當堂課時候沒有講解到, 而是說“後面課會提到, 或後面進階會說”但是後面章節也沒有聽到相關的內容。但插件的介紹/某些網站的利用跟推薦很實用, 省去了許多入門者爬文收集訊息的時間, 這也是加入課程的可取之處。\n\n另外, 而且因為sketch常常改版的關係, toolbox一直閃退不能正常使用, 建議學員有心理準備, 有些舊的資訊需要自行爬文更新使用方式, 還有講者在sketch的章節使用hahow的網頁來做範例, 但是hahow也已改版, 找不到那一堆可愛的青蛙圖了,所以只能自行在hahow裡面自己找其他範例來完成。\n\n還有, 課程前本來滿期待illustrator內容會滿豐富的, 但沒幾課之後就結束了...真的學到工具使用基礎, 圖文相符lol。\n', '這堂課講解很仔細，在第85單元也學到了最想學的視差效果，覺得CP高高高！！', '課程內容豐富多樣，CP值極高! 不管是初學者還是已經寫過一段時間的前端工程師，這堂課真的值得學習!', '講師很用心 講解詳細\n完全沒學過相關內容 也能理解', '課程真的很棒，教的非常細心讓人好學習，從淺到深且後面還有教公司設計流程和個人分享等等，覺得這門課程真的非常值得👍', '內容非常豐富且完整\nCP值爆表!!!!', '花一個多月自學，真的可以自己寫出一個陽春的網站！', '對於新手要入門，講的很容易懂', '教學的內容很好，說了很多入門的觀念跟技巧，很適合想踏入這個領遇卻不知道從何開始的人學習', '很棒,也推薦的課程', '以課程內容豐富度來說，真的如標題所說是非常棒的入門教學！', '由淺入深，幾乎是所有新手會遇見的問題都run過一遍，非常適合想要進入該領域的人購買', '課程內容很詳細，相當值得推薦', '老師簡單易懂解說細節，慢慢建構基礎並釐清觀念，能上到這堂課程太好了:)', '從基礎概念與設計心法再帶到實作及應用，講師也會再不同單元的課程中，反覆提醒需要注意的細節，非常貼心的課程。', '感謝老師這麼用心準備這麼棒的課程!覺得很划算!期待你的下次課程!!', '我是一個對於網頁完全沒概念的文組生，不得不說課程真的講得很仔細，特別是前端的部分真的講的很淺顯易懂！\n一些重要概念老師都會非常有條理的去解說！\n看到有人評論課程太長其實滿意外的，個人覺得課程是會讓我不自主地想看下去，每次上完一堂課都會覺得很充實。\n2549分鐘的課程只要2500元，完全CP值破表R！\n期待老師再開設新的課程！', '課程太長了 建議可以拆解成（上）（下）', '老師講解用心，課程準備很豐富實用。', '由淺入深，內容很豐富，對初學者相當友善！', '雖然才剛開始上，但覺得循序漸進的方式及解說真的對程式白痴很友善：）', '課程涵蓋很多技巧知識, 很快就能靈活上手, 建立很多觀念與思維', '学了差不多有20%，觉得收获还是蛮大的。我是一个视觉设计师,UI设计师，学习这个课程的目的主要还是为了可以自己做一个作品集的网页，希望能早日达成100%，实现愿望。', '老師教學的內容真的很細\n學了很多我所不知道的事', '內容很實用，程式、設計、理論...都有顧到，大推！', '很喜歡這堂課，講得很仔細也好理解~~\n覺得這堂課的CP值真的很高!!!', '老師講解得非常清楚，我雖然是新手但完全可以吸收學習，比去上課還值得，根本是業界實務心法，可以自己接案子了！！\n感謝老師的課程，期待新的進階課程！', '一開始只是想要了解前端程式與設計之間的關聯性，在設計的工作上了解如何能與RD或團隊有共同溝通的方式。\n在上課中發現老師都很認真的講解，在程式的部分老師會不斷的提醒使用前面課程所運用的方式，讓記憶更加深刻。\n還有很多老師提供的工具、網站、插件使用...等等，說明如何運用更加速製作時間。\n在介面設計觀念及該如何思考訪談內容也利用數據改善設計上有哪些部份需要再做更貼近使用者體驗能有更多方向可以延伸。\n推薦給想接觸這個行業的新手更容易上手或已經在業界的熟手能更靈活運用老師所教的小撇步', '因為本身工作的關係所以需要這套技術，我真的對這門課感到驚豔，是非常適合新手以及老手都來學習的一門課程。', '本身就是網頁設計工作者的我，對這門課真的非常驚豔，不但將網頁前端的作業流程解釋的很詳細，也將業界常用的一些小訣竅做很完整的教學，非常適合新手以及老手都來學習的一門課程。', '非常高興能在這個平台學習到有興趣的科目\n老師也都非常專業\n希望能一起跟各位努力', '這門課程真正值得一推的，不只是優秀的課程內容，更是超水準的教學方式，\n清晰的口條、盡量不用專有名詞的解說，並在最一開始就用了全觀圖的概念，為整個學習里程，建立學習地圖。\n我認為是非常適合初學者的一門課。', '佛心課程～ 內容符合業界需求，而且真的是面試者非常注重的部分\n真的讓我找到工作了\n不論在前端設計或是設計面內容都十分充實\n不會像一些課程只是帶過看似常理的東西\n或是把一些設計好的課程內容帶過\n做了很多反覆的思考和嘗試\n符合業界的真實狀況', '花了兩個多月的時間，完全從零開始上課，原本只想學習ＵＩ相關方面知識，但前半部的程式課程真的獲益很多，很謝謝每位講者如此用心安排課程，做出來的東西也相當有質感，希望能藉由這些課程能讓我找到好的工作，為人生轉換跑道：Ｄ', '當初是因為被加碼課程的主題吸引而來，可發現整體課程教得非常的好，由基礎到進階觀念都說明地很紮實，加上一些網頁實務案例的佐證，可以讓有心想學網頁設計的人方向明確。', '以前端設計來說，知識量非常充足，也看到更多業界的做法改變我的習慣\n設計的部分來說，雖然理論偏重，但在教學軟體上也是十分用心，看得出來是非常有經驗的設計師\n但有些軟體到現在不太能用，像是toolbox等等...\n\n總之是非常超值', '講者口條聲音很輕盈，背景音樂可以在緯來日本台聽得到，偶爾會上課上著上著想做菜\n基礎面向很紮實的教學，課程上可以""預見將來自己會碰到錯誤""，少了很多試誤學習次數\n提供講義與教學資源豐富，相當經濟實惠\n\n但因為接觸到這門課剛好是冬天，又好像曾經在課堂上聽到很冷的笑話\n所以給四顆星', '前半部講程式的部份很猛，真心大推，後半部偏重理論，較少實作，覺得可惜，如果上完課能做出一個function map/ui flow/wireframe/prototype..等實體作品集，會更好！', '對於視覺設計出身相當受用，清楚建立許多觀念，並了解前端設計的思維', '覺得每個單元都非常充實，完全不會因為感覺教的廣而蜻蜓點水，\n即便是初學者都非常適合觀看學習~~~', '本身是設計從業人員\n原本主要是想學習ＵＸＵＩ，沒想到剛開始的前端課程卻更讓人欲罷不能ＸＤＤ\n雖然還沒上完，但是真心覺得老師講得很仔細也講得非常好\n講師邏輯清晰，也照顧到不同裝置的使用者\n真心大推！！！']","['內容豐富：大部分評價都提到課程內容豐富、充實，而且從入門到進階都有涵蓋，非常適合初學者或想進一步提升技能的人。', '', 'CP值高：許多人都認為課程的價格非常實惠，而且內容豐富，CP值非常高，']"
3,零基礎轉職！網頁設計 HTML、CSS 快速入門,0.0,0,531,127,2690,"1. 學會用 HTML、CSS 從無到有寫出一個網頁
2. 學會不使用 CSS 框架下，也能完成 RWD 響應式設計（即使用同一份程式碼，也能在不同尺寸的裝置上完美呈現你的設計）

讓你真正打好網頁設計基礎，未來在任何平台想修改樣式時，皆可輕鬆應用！",[],[],['沒有提供清單或課程評價內容。請提供相關資訊。']
4,創業必備：前端網頁設計入門,4.31,64,246,1071,500,"從無到有在網際網路上架設一個人介紹網站，不依靠任何現有的免費網站服務（如 blogger, wix 等)","['cp值符合也聽得懂老師的解說,但課程開設已久,可能有些寫法不管用了.', '學到很多', '不推', '初學者可以基礎學習', '還不錯', '精進教學內容', 'nice', '前端課程', '課程評價', 'Nice', '還不錯的前端課程', '似乎不太適合零基礎新手', '實用課程', '短時間好理解的前端課程', '讚讚', '適合給網頁新手的課程', '創業必備：前端網頁設計入門', '小而美的課程', '很適合新手的課程', '大多講述觀念部分', '課程簡單易懂', '花了一些時間上完了', '教學內容不錯，淺顯易懂，只是有部分code沒有多做解釋，有時會迷茫，再者是問題似乎沒有在解答的。', '我終於上完了', '課程評價', '新手入門課程', '讓人快速了解前端的基礎知識', '內容切重點，且簡單明瞭', '前端網頁設計入門', '便宜的課程', '簡單易懂', '還不錯', '簡單易懂', '適合新手入門', '讚', '前端網頁課程', '實用', '讚', '創業必備：前端網頁設計入門', '很清楚明瞭', '適合初學者', '創業必備：前端網頁設計入門', '前端概要', '淺顯。未來上後端課程。再上上回買的電子商務駭客課程', 'good job!', '新課程', '適合初學者', '後面操作有點快', '不易吸收課程內容', '基本入門的選擇', '基本但太簡單', '適合初學者', '講解不是很清楚', '還算不錯的課程', '謝謝老師', '謝謝老師的教學', '非常適合沒接觸過CODE的入門者', '課程內容太簡略', '很推薦', '上課內容', '教的不錯', '教學能力還有很大的進步空間', '適合完全沒有網頁基礎的人', '口條讓人聽不下去']","['雖然內容有點流水形式但覺得老師的教法很親民,身為PM,沒有太多程式背景卻也交得出作業,大致理解前端的樣貌了.\n', '學到很多', '滿多時候覺得老師好像沒有備課 課程影片都在看老師修修改改 很多動作也沒有解釋用意 感覺有點像是在看工程師寫扣日常 看地有點辛苦', '初學者想學前端，可以基礎了解', '適合想了解前端的人初步學習的課程', '章節規劃設計不完善 跳過了太多東西 講解技巧可以在精進 字幕錯誤有點多,', 'nice', '對初學者蠻清楚友善的', '講得很清楚~', 'Nice', '課程內容還算實用，但建議還是要有點網頁基礎才會容易消化課程內容。', '前四單元，雖然老師講很快，打字更快，但我還是一直回放影片，跟著老師一步一步做，到第五單元我就乾脆只看不操作了。\n明明我是連著看，但好像有一種感覺，我是不是漏掉好幾堂課沒聽到??\n看完第六單元，我還是先放棄吧......', '實用技巧和觀念', '平價實惠的課程，前端撰寫重點皆有講授到', '第一次看不一定全部了解\n隔一陣子再回來看覺得蠻好理解\n很用心的影片', '此課程非常適合給完全0基礎的人，教了非常多的觀念，CP值很高的課。', '非常實用的課程～', '謝謝老師用心準備的課程. 雖然課課程的時間不長, 但是老師有將相關的重點都說明的很清楚; 對於Frontend Web Design有了一個完整的認識與入門, 後續就是自己要下的功夫了. ', '我看完整個課程之後，會更加了解原本沒有了解的東西，但是建議要先了解一點點基礎的東西', '最後兩章節的實作部分\n有吸收到JS語法編寫的技巧\n覺得很不錯\n希望老師能多開一點實作課程\n尤其是Javascript部分\n\n', '基礎的技術都有介紹到，但老師在講解上有點卡卡的。', '初學者需要懂一些一班基本的比較能理解', '希望可以有個授課群組，解決同學問題。在教學期間部分常用代碼可以先說一次，讓大家理解上比較快速。', '老師教的還算容易理解 , 雖然我還是前前後後看了好幾遍 , 但是有學到東西就是值得。', '課程不錯', '以前端網頁入門來說，課程非常超值，不過建議稍微有一些基礎(基礎操作即可)的人觀看，老師在課程中都很仔細的教學，不過由於老師本身很熟練，在一些快捷操作時反而很快帶過，雖然只要google都可以查到答案，不會影響到課程內容，但對於0基礎的新手來說，必須要多花一點時間與耐心才可以上手。', '讓人快速了解前端的基礎知識，適合新手～', '內容切重點，且簡單明瞭', '老師以循序漸進的方式帶領學生了解前端的網頁設計，課程解說簡潔明瞭，聽不懂的地方也只需多看幾次教學影片即可。', '速成架站的教學，很不錯', '對初學者來說是一個能夠很快速了解前端開發流程的一門課。非常實用。', '課程划算教的也仔細', '簡單易懂，新手可以快速入門上起來也很輕鬆', '課程內容簡潔,  適合新手建立基本觀念.', '讚', '邁入前端網頁設計的基礎課程，非常實用', '淺顯易懂', '讚', '實用', '覺得對新手很有幫助', '課程內容適合初學者入門程式，老師講解詳細字幕有錯字可再改善', '很好懂', '介紹一些常用的語法、概念、怎麼使用...等，由淺入深、環環相扣。但對於全然的新手而言，會有很多看不懂的地方，老師雖然大部分時候會解釋他的操作跟想法、分享踩雷經驗，但也會有快速帶過、跳過的部分，比如 windows 的 github desktop 操作方式。整體來說，是推薦的課程，適合已經有一些基礎，或只是想嘗試、大概了解網頁是用什麼做的、怎麼做出來的人。', 'Good', 'good', '期待新課程', '初學寫網頁非常不錯的課！老師優秀用心！', '後面操作有點快，可以載慢一點就好。boostrap的一些基本概念grid system可能還是要提一下哪邊可以課外學習，不然後面最後兩堂課前面不好理解。以價錢來說，理解基本概念非常划算', '覺得對完全不懂網頁的同學老師的術語比較多，會比較難吸收，老師在操作說明上有些細節不會去做解釋，在看操作時會有點辛苦。\n整個課能內容涵蓋的範圍很廣，但是都是點到為止，但因為是入門課程，只推薦給有一點點基礎想瞭解個概略的人。', '講師回覆問題速度滿快，課程內容很基本，希望在livecoding示範之外，可以提供單元的練習題。', '基本但太簡單', '適合初學者入門的一堂課', '如上，\n影片很多內容都講解不清楚，雖然說是入門課程，但是上起來不是很入門。\n字幕錯誤過多，太多贅詞。', '字幕錯誤有點多，有出現畫面上打出來的字和上在字幕上的字不同的情況。\n對於一些非資訊專科的人某些特別的術語提到可能可以後製到字幕上做簡單程度的註解，口語上的贅詞有點多。', '老師很辛苦講解，學生很努力聽懂', '有認識許多前端的東西\n像是DOM的概念padding和margin老師也講解的很讚', '老師的課程真的很難得，從每個標籤符號開始解說，大多課程都認為這些是入門自學必備的，因此不會講解如此細節，因為有老師這堂課我才真的了解每個標籤撰寫的意義，真的非常感謝~也期待老師的新課程', '對於一開始入門自學的人來說跳過了太多東西，只能算是大綱式的講解而已', '一堂質量不錯的課!!! 利用12集，每集約20多分鐘的影片，快速簡介每個章節的內容\n真的是簡介!!! 特別是第7集部分，在觀看影片的當下真的有點混亂，捉不太到表達內容\n不過就現實面而言，要用一集教會一種程式語言本來就很不切實際，特別是對於完全的程式新手\n不過整體而言講師簡介算清楚，並都有給予明確的查詢方向，方便後續的自學\n就我的感覺而言，可以把這堂課看快速打破入門障礙的概論課', '講解非常清楚', '老師講的內容還不錯，都聽的很清楚，也有給予很明確的方向去做查詢。', '很多地方的說明很難懂，特別是口語穿插很多英文字，聽起來很容易就一頭霧水。簡報上很多都是用文字或程式碼來呈現，其餘的都用口語補充，理解上很辛苦，如果有些東西能夠有適當的類比、比喻或甚至是圖像化呈現，我覺得教學效果會更好。目前上完第7單元，從第3單元開始，就必須一直在網路上找其他補充資料，才能讓自己有一定的程度理解，進而繼續走下去，學的很辛苦。\n\n老師是專業人士，已經有相當高的水平，所以比較不能確定新手的理解程度在那裡，這是很正常的，在各種專業領域都容易有這樣的現象發生。事實上，目前線上課程平台有好幾家，有開寫網頁或寫程式的課不少，我也稍微試聽過幾個，老實說，大部份都容易有這樣的問題，因此很正常，但還是有少數老師，能盡量用更貼近新手的語言來教課。因此，還是希望老師能強化教學表達的能力，將教學內容修改的更平易近人一些，以及減少口語中的贅詞。', '適合完全沒有網頁基礎的人', '如題，太多的不確定發言，相信老師一定有相關知識水準，\n但是口語表達會讓人有一種不像是老師的感覺']","['課程內容簡單易懂，適合初學者入門。', '教學內容實用，能夠快速了解前端基礎知識。', '老師的教學能力有進步空間，部分學員對口條不滿意。']"
5,UX 設計/研究全攻略: 給新手的職場通識課,4.59,37,739,1899,3349,"▶︎ 熟悉完整 UX 設計流程，培養 UX 思維和工具，All-in-One 一次包辦基礎知識。
▶︎ 從研究規劃、競品分析、問卷研究方法執行、使用者體驗規劃、流程設計，到介面設計、設計交付，各種操作細節都將學會如何操作。
▶︎ 課程會以一個實務的 Podcast 平台作為產品案例，你可以跟著流程一步步打造出自己的一個完整案例放入個人作品集。","['非常實用的一堂課程!', '非常值得購買的UX課程', '謝謝三位老師！！！', '優質且扎實的課程安排', '內容豐富，但在課程架構的編排及標題命名上需要再調整', 'UX 基礎流程與內容', '豐富的內容', 'UX的概論教學', '課程講解詳細', '詳細有條理', '很充實的課程內容', '解講詳細', '適合對UX有興趣的人', '感謝設計遊牧', '教學內容相當豐富、受益良多', '受益良多', '對非設計背景轉UI/UX設計來說，真的非常有幫助！', '透過案例讓你更了解UX設計流程', '很適合初學者的課程', '課程內容豐富，架構清楚', '講師們辛苦了', '內容淺簡易懂', '了解UI/UX設計流程', '踏入UIUX生態圈', '資料齊全但是錄製的口吻和設備感覺可以進一步提升', '課程以理論為主，比較適合完全沒接觸過的初學者入門', '課程內容豐富，而且有清楚的架構', '設計交付與協作建議很實用', 'UX的新手入門課', '內容搭配案例說明 清楚易懂', '初學者必看課程', '課程內容豐富且清楚易懂', '內容豐富、獲益良多！！', '內容紮實、製作用心的好課程', '非常實用的教學', '.', '學習到更有效的UX知識']","['上課內容淺顯易懂', '雖然已經在UIUX領域工作了五年的時間，但在這個領域裡面有像大海一樣深的知識和技能可以學習和挖掘，因此買這堂課的原因是想要透過有系統的課程來重新審核自己目前的知識、技能，並透過課程來了解不同設計師的設計方式，上完所有的課程覺得收穫滿滿！', '讓非設計師也能輕鬆了解！', '雖然已經在UI/UX業界打滾三年，但從頭到尾聽下來真的有集大成之感。\n畢竟一開始都是自己摸索UI/UX，東拼西湊下來大概就是課程所提供的所有最初的內容。\n\n推薦給所有對UI/UX有興趣的人！', '1. 課程中強調資訊架構、命名資訊對使用者的重要性，但課程內容的編排架構，卻令學習者茫然不理解，章節標題與內容有時會對不上，需要重新對架構進行編輯及命名排序，才能轉化為看得懂的內容。\n2. 有些章節的內容安排，沒有前後關係和連貫性，會需要一直自己找尋關聯性，感覺是把零散的資訊硬湊在同一章節中。\n3. 學習單內容對學習實用性低。', '偶爾會提到一些較為專有名詞的英文，觀看課程前建議大家可以先google一下，比較能銜接上課內容~', '豐富的內容，適合對 UI/UX 有興趣的人', '感謝老師們循序漸進的教學!  \n從1、2章的背景知識、產業、市場、使用者開始講起；3、4章在實作的流程圖、線框圖及實作的軟體，\n看到老師們熟練的繪製速度，尤其在嘗試完成作業時更有感的覺得沒這麼簡單...\n第5、6、7章節則是講解了實際在UX產業時的工作狀況以及要注意的要點，還有後續的精進能力的方式，\n可明顯看出老師們的專業!', '整體課程講解詳細，各種使用的工具也都有很好的介紹到，學習了很多，謝謝老師們!!', '課程深入淺出,有條理,真的學到很多', '老師們分享的內容很仔細，也很符合設計流程。作業回饋也很有幫助。推薦大家都可以來上看看！', '解講詳細', '對UX有興趣的人可以學到很多東西，從研究方法到用figma實作以及最後的和利害關係人討論流程等。對於還未在職場實際接觸UX的人打下基本的認識基礎', '感謝設計遊牧的各位老師們，明明各自都有工作要忙還願意做課程來給想學習UIUX的朋友，我非常高興自己有購買這堂課程，你們的PODCAST我也會繼續支持的，由衷感謝', '課程內容相當豐富，是為了Figma教學買課ㄉ！\n除了UX理論之外也學習到很多Figma的實作技巧：）', '本來就會一點點的UI設計，藉由這次的課程學習到了很多關於UX跟研究相關的知識，非常謝謝老師', '課程規劃的大架構非常完整，從產品探索到設計執行都有一定程度的說明，不會說A知識點和B知識點之間串不起來！\n自己覺得最有幫助的地方有兩點：\n一是設計發展的單元，能有效知道做完設計稿之後要如何跟上下游的角色過稿和溝通。\n二是最後的與利害關係人要如何協作，真的受益良多！', '透過Podcast 平台的案例走過完整的研究設計流程，對我來說更能將課程中教學的研究方法實際應用在產品探索上\n另外也覺得第七單元的設計交付部分很實用，讓我能改善優化自己的設計交付，讓團隊合作更為流暢順利\n', '主要為理論上的分享，\n滿適合初學者入門的課程～\n內容也很豐富', '課程內容豐富，架構清楚', '對於UI/UX新手來說\n聽這門課程真的蠻痛苦的\n希望可以放更多照片加深印象\n而不是單單只有放個PPT\n跟大家說現在教的是****\n並開始看稿，念稿\n這樣其實過程中蠻容易想分心\n有點像國高中老師的填鴨式教育\n\n但還是覺得講師們辛苦了\n這只是我的觀點啦\n可能只是我沒能理解內容\n', '課程內容都不會太深，很適合給剛踏入UX的新手教學，而且有清楚的架構，但比較偏屬於大多理論課程，建議可以多實際專案範例會更加豐富', '適合初學者', '了解蠻多對於UIUX生態知識，往後路過時可以有概念的去發想執行。', '課程內容算是蠻充實的\n但是在收聽的時候會有一些很痛苦的地方  前幾章節 有時候會有一些雜音（咳嗽 背景雜音等等） 感覺是可以經由後製處理掉的\n另外很多人提到照本宣科的部分 我覺得可能是因為 有一位講師他在講述過程中都會有奇怪的斷點 所以很像是他在念稿子\n口語速度也不是非常順暢 我自己是用1.25的倍速在聽才覺得比較可以機受 寫評論的時候 我還特地用回一倍速回去聽\n真的覺得聽起來有點痛苦\n由於前半段很多部分都是文字 以我來說 我不會在課程中無時無刻一直看著螢幕 聆聽的部分對我來說有非常大的比重 \n建議可以重新調整語音的部分', '內容多以理論為主，講師授課的方式有點像在念教科書。\n實務的部分有帶到一點，但並不多，比較適合完全沒有接觸過的初學者入門課程，但若想了解更多實務上的技巧或累積作品，幫助有限。', '整個課程架構清晰明瞭，涵蓋基礎理論、對於產品探索的研究方法、實務案例操作過程，直到設計交付的各項重點與注意事項，也提供相當多的外部資源可供進一步學習參考。尤其課程中會以一個具體的案例貫穿所有設計流程，能幫助學習者隨著章節單元來按部地進行練習，熟悉軟體工具的使用。另外的解鎖課程也分享了關於這個產業上的工作實務經驗，適合作為有興趣涉入UX/UI產業者的入門課程。', '關於設計交付的眉角還有與利益關係人的協作，怎麼溝通、要注意什麼細節，提供的資訊很實用（上一份工作碰過很多釘子）希望能將學到的運用在下份工作上。另外，因課程主要是講理論與方法，實際能夠產出的作品只有很小部分，對於想累積一個完整作品的人，課程內容可能不太夠。', '課程適合想了解UX知識與產業現狀的新手入門，以自製範例一步步運用UX基礎概念實作，體驗業界流程。', '整個課程以一個案例貫穿所有設計流程，包含實際操作研究、wireframe設計等過程細節，除了基礎理論還有範例可參考，讓內容更容易理解！另外也分享了很多工作上的小技巧和實務經驗，讓課程更加豐富～真的是手把手教學，很適合剛踏入UXUI的新手來精進自己！', '課程內容偏理論為主，如果能再帶一些專案實際案例會更加分。', '內容對新手友善，口條清晰有條理，講解非常多種設計思維、工具方法，透過具體案例加強觀念，更易於理解\n解鎖課程內容在職場上也很真實，聽完條理分明的內容能夠清楚知道大約會碰到的狀況及具體協作流程\n對於新手或單打獨鬥的設計師而言很有幫助！', '課程涵蓋很廣的UX思維與工具，但內容都不會太深，很適合給剛踏入UX的新手閱讀！！針對不理解的部分透過課外去加深相關的知識。當在職場上產品開發碰到問題時，才會明確的知道這個階段需要使用哪一個工具，來幫助產品進行推進與迭代。\n解鎖課程內容真的講到很多實際職場上會碰到的狀況，很期待後續與其他利害關係人的內容，也謝謝設計遊牧開設這個課程，真的獲益良多！！', '目前上完 1/2 的課程，但想先評價給予老師們鼓勵！\n之前自學總是到處將各種知識內容東拼西湊，但這堂課系統化的涵蓋了所有知識，且讓人可以更具體的想像在業界中工作會有的歷程，是一堂非常實用、讓人享受的課程。\n本身是剛開始自學的新手，這堂課真的幫助非常大，特別是 UX 研究的部分，覺得跟平台另一堂著重在 UI 設計的課有相輔相成的作用（產品設計實戰）。\n雖然是給新手的課程，但每個單元的內容都很紮實，知識點滿滿，必須反覆聆聽做大量筆記。前半部內容如研究方法多為抽象的理論，但都會搭配上實際案例甚至是實際操作示範，對於學習與理解很有幫助，其中包含老師們\x08的經驗也是非常珍貴的內容。也很喜歡每個單元最後的重點整理，能讓人反芻思考讓知識更深刻的被吸收。另外講義中提供了非常多的延伸學習資訊可以去做更深入的學習，內容非常豐富。', '提供給 UX 的學習者非常好的教學典範，公司如果想對於 UX 實際的執行，這也是個很好的學習範本。 :)) 五星實用！五星推薦', '內容太多理論有些聽起來像照本宣科的說明. 這堂課更像是給已經對UX/UI有一定了解的人上 比較會有感覺或是引發更多思考', ' 學習到更有效的UX知識']","['課程內容豐富且清楚易懂，適合初學者入門。', '講師們辛苦了，教學內容相當豐富，受益良多。', '課程以理論為主，比較適合完全沒接觸過的初學者入門，但在課程架構的編排及']"
6,不小心就學會！用 UI 設計方法製作網站,4.63,91,306,1097,2400,"。一次學會 Adobe Xd 與 Webflow 網站設計與開發軟體
。靠自己的雙手設計網頁 UI 並親自製作成網站
。在過程中理解 UI 設計流程與基本網站架構觀念
。藉此培養對於數位產品的世界觀，發展之後在設計與開發上的技能","['真的會不小心就學會！', '適合初學者', '簡單易懂的課程✨', '適合初學者學習', '基礎易入門', '邏輯易懂', 'webflow的教學太皮毛', '還不錯', '有個大方向但不夠細緻', '普普通通', '滿棒的入門教學！', '課堂適合初學者架網站學習', '都只講個大概內容不夠深入', '適合初學者來了解網頁設計', '購買前請先確認webflow是什麼樣的平台', '課程簡單明瞭', 'UI/UX初學', '講解清楚', '適合新手入門', '👍', '不錯的課程，但感覺Webflow教學的份量不夠，可以再多教些更複雜的網頁結構跟互動，課外支援不足', '非常適合初階新手學習', '進步很多', '尚可', '適合初學者', '不錯', '教學品質不錯，Webflow有點不足', '新手教學課程', '體驗還不錯', '適合初學者', '逐步拆解設計方法 對新手很實用', '課程淺顯易懂，適合入門。', '一起設計吧', '適合新手學習', '很適合新手架設自己第一個網站', '淺顯易懂', '課程淺顯易懂且仔細', '相當實用的課程', '推 新手', '簡單易懂，課程實用', '新手入門也適合', '內容豐富且實用', '相當容易的入門', '實用的教學課程', '口條清晰、觀念原則條列好記', '內容與視覺都很棒的課程', '適合想用UI設計思維做網站的初學者', 'CP值高的好課', '感謝老師無私地分享和詳細的解說', '好課推推!', '值得推薦的好課！', '新手友善的一門課！', '對於初學者的觀念架構很是有用', '有趣易懂', '課程內容清楚易懂', '淺顯易懂的簡單明瞭', '很有趣', '講解清楚簡單', '實用有趣', '課程簡單清楚,值得新手入門!', '新手也很容易上手', '對於新手淺顯易懂', '課程淺顯易懂講解仔細，五顆星', '5顆星', '推推', '老師很用心而且很溫柔～', '用心抽絲剝繭 基本到實操', '老師很溫柔', '非常推薦~用心經營的課程', '對UI感興趣', '很實用', '對UI設計製作網站慢慢愛上了~', '學習到很多', '流暢的學習體驗', '師傅領進門修行在個人', '簡單易懂，教學節奏嘟嘟好～', '五星推爆', '增加自身專業度', '口條清晰節奏分明很不錯', '對UI感興趣', '老師超用心！', '不錯的課程', '滿滿收獲，又多認識了webflow這個好幫手呀～', '很推薦的網站架設課程，從來沒想過做網站這麼容易上手', '課程淺顯易懂', '先買起來放😂', 'Webflow初學者的良藥🥰', '課程有趣實用', '解說詳細、內容有趣、邏輯清晰', '五星🦐挺', '聲音好聽']","['對初學者十分友善，課程分段好吸收，也方便日後回顧查找。課程中提供的資訊都很實用，教學十分詳實且會細部分解再實作統一，重要觀念基本上可以重複聽到兩三次，不知不覺就懂了。如果有學過基礎網頁設計可能會覺得太簡單，但對於完全外行又想了解的，是很適合的一課。', '很仔細講述UI與UX的工作關係，原來在中型以上企業還有專案師與前後端工作師的運作組成，還有講述學校沒教的事物，謝謝您的講課', '每一單元的課程時間都不會太長，所以可以輕鬆沒壓力的學習！因為之前有學過前端，所以蠻多內容可以更快吸收。希望可以有更多的UI設計實例的作法和啟發的內容😊', '適合初學者，後面的示範練習都是先套用模板修改，實際操作還是會有許多問題，不過對於入門webflow可以考慮看看', '給沒有接觸過UI或是網頁設計的人\n能輕鬆學習入門知識以及構建網頁需要的元素\n之後建網站比較有底 知道未來要走什麼方向跟進步', '有點過於基礎', 'tabs、Lightbox...等等功能介紹內容沒有\n只有一些基礎的內容\n適合超級初學者，對想了解webflow架站工具的設計師來說，CP值不高', '操作簡單易懂，對想初期了解Webflow很棒！\n不過後面都是相同的模板操作有點可惜，\n如有更多客製樣版或功能設定會更棒～～', '大致了解要往哪方面去學習，但比較多需要自己再找資料學習。', '整體而言普普通通 不如預期 講話有點嗑嗑巴巴 要用倍數去看', '入學教學很適合，但如果要往深入學習可以再找看看其他材料輔助學習！', '謝謝老師課堂的詳細解說!\n', '很粗淺的講完概念，課程影片做得不錯但內容都是Google就查得到的東西\n說真的會學到什麼？沒有\n太失望了', '前面介紹了很多實用的素材網站及基本網頁設計的觀念。\n但在後面就偏向要自己想好怎麼做，然後多看其他網站做參考。\n上Webflow時發現實做上出現了很多問題，或者前面也有XD想了解的內容但老師沒有講解到。\n自己想做的網站也是Webflow付費方案才能去製作的~\n第一次做作業時就把版面設計差不多，繼續課程時卻發現只有付費專案支援，瞬間少了不少興致Orz\n\n滿適合一開始接觸設計，想靠著簡易工具做成個人網頁的初學者。\n如果是想要踏入網頁設計這行業，還是需要更進階點的課程，不然很多實際工作時要用的功能都不會用QQ。', '一路看到最後才知道在webflow設計好的網站，只能選擇使用免費網域、訂閱型網域、付費下載程式碼。我需要的是第三種，但是公司完全沒有這方面的預算（不然就直接外包出去，不會考慮自行製作）以webflow架站完全不符合需求，這個情報應該在課程簡介就說清楚吧？現在覺得花錢花時間看了一套根本用不到的平台說明有點無言。', '此課程適合完全不懂網頁設計的新手', '本身學產品設計，在學校只有互動設計的有接觸到一點介面設計，對這個方向很有興趣，所以來hahow找相關教學來學習，這個課程很適合初學者上手，教學淺顯易懂，頁面的操作流程也很清楚。不過wedflow內容教的有點少，以價錢來說偏貴，比較可惜。', '這個課程很適合想要了解有關UX UI設計師的工作內容', '個人是UIUX的新手，藉由這次的課程得知了很多先前不知道的資源及素材，也對於工作的流程以及設計思考較為清楚，推薦給想要了解UIUX領域的大家！', '👍', '本身有在HaHow其他課程學習前端語言，看到Webflow的介面，雖然介面是類似設計軟體，但介面語言都是前端用語。\n覺得找對了工具！自己本職是UXUI/網頁設計師，略懂一點點前端網頁開發，所以Webflow就很適合我使用！\n老師從設計理論教起，再到Xd，再Webflow，蠻仔細的。但個人覺得Webflow的內容可以更多，例如初步掌握Webflow用法後，我會想知道更多關於怎麼製作網頁動畫，scroll effect，還有Webflow有什麼限制等。想再進一步客製化自己的網頁。整體來說是個很不錯、實用的課程，感覺可以多開一門科再教些更複雜的網頁～\n\n\n20210514\n補充：到Webflow實戰製作作品集網站後，切實感覺到課程教的Webflow知識不夠用。很多東西也是要靠自己摸索，第一次用Webflow架站必須要靠模版起步，也要花時間熟習如何微調模版樣式。購買的template也比課裡使用的官方模版複雜許多，例如CMS的部分，課程裡也沒有深入教如何客製化這些，要根據自己需求去修改模版並接好CMS，確實要多花時間才熟習。Webflow可以設定的東西很多，軟件很強大，實際使用後覺得真的是個好工具，之後會想更深入了解跟研究，甚至會想找有沒有其他程度更高的課程和教學。目前在設定CMS和網頁動畫的東西主要靠自己揣摩、看Webflow University跟Community forum上的資料。會覺得課程裡看好像不太難，但實際操作後發現很多阻滯、疑問，且在課裡沒有提及。\n\n總的來說，因為自己本身也從事網頁設計，本來會用Xd，所以對Webflow的部分會比較期待。可是上完課後覺得課程對Xd跟Webflow的教學不太夠，Xd相對直觀，住後自己練習練習也可以，可是Webflow，自行揣摩難度較高，真的希望如有下門課可以更詳細更深入。募資購課前已有留意老師的動態（YouTube, 其他課程），對老師的教學有期待，但這門課期待越大失望越大。課程安排真的不夠詳細深入，所有內容都點到為止，課程問答支援也不足，單靠課程很難做到較客製的網站。除此之外，老師好像很長時間沒有點答問題跟批改作業了。\n\n最後，Webflow對不太懂前後端的設計師真的是很好的工具，謝謝老師讓我認識這套軟件跟Xd+Webflow的網頁製作流程。也感謝老師的教學，也期待老師之後會繼續開設更多更詳細深入的課程。謝謝！', '對於設計軟體有基本概念的人可以當作複習 ，在webflow實務操作對於不懂功能的人或沒有碰過相關Adobe XD的人非常很貼心講解每個功能細節用法，另外實際學XD的操作可能如其他同學所說還蓋可能2成以內，更多延伸功能 要自己去google探索~\n很感謝老師帶我們認識了webflow這個平台 ! 方便簡單實用', '上了課之後確實進步很多～課程講解很清楚，也是從最基本開始教起，很適合新手！', 'hahow裡面應該有其他同類型但內容更豐富的課程，且老師後來就沒什麼在回答同學問題了，若有折扣可購入，原價不建議。', '適合新手，蠻清楚的手把手教，自己操作遇到不懂的回去看都能找到解答。', '不錯', '因為對老師的好口碑慕名而來了，老師平常就有在Medium寫文章、拍攝Youtube影片分享許多UI/UX的知識，雖然還沒全部看完，但對於想從0開始學習UI設計的人來說非常適合～對於會操作ai、ps軟體的人來說XD部分可能有點太簡單，Webflow希望可以多教一點額外功能~(建議大家可以去Webflow官網或Youtube看英文教學喔)', '適合新手的教學影片，主要針對webflow的使用教學(針對XD的教學使用不到2成)，老師講解的很清楚，適合無程式及設計基底的新手學習。', '第一次製作部落格,體驗還不錯!', '個人認為適合此課程適合剛踏入設計界的人，因為蠻多理論和設計資源都蠻容易找到的，在這部分我個人沒有獲得太多收益。\n不過，老師講的算是清楚，不會難懂。在Webflow如同前面的人說的，可以教得更多更仔細、內容可以更多，因為自己實際操作完後，還必須花超多時間去尋找解答（我不懂前端語言，以致於尋找答案過程更痛苦～），總之自己架完後，還是放棄了，很多功能和細節真的不知道怎麼用，遇到很多困難，然後我也發現老師都不會回答學生的問題，感受蠻不好的囧', '因為學了網頁後端，卻排不出滿意的版面而選了這堂課，對UI有了基礎的認識 ，也比較知道怎麼排版，很實用的課程！', '對平面設計有涉略的話可以快速上手，使用webflow對不會手刻網頁的人真的有很大的幫助！', '適合新手的課程', '課程內容清楚，適合自己設計屬於自己的網頁', '若本身是設計本科，平面設計基礎有打穩的人，這門課其實並不難。\n從Adobe XD給你觀念，再到Webflow練習，\n老師都講得非常清楚，真的是手把手的教你，\n中間過程老師也分享了一些設計師常用的資些網站，\n讓我們在做設計時省下很多時間去找圖庫。\n\n推薦大家可以購買這堂課，老師的部落格文章也可以去看看，\n裡面的內容值得我們學習唷!', '對於第一次使用webflow的人來說還滿清楚的，步調也剛剛好。', '課程淺顯易懂，非常適合初學者，講解也非常仔細!謝謝老師!', '適合想了解UIUX及不知從何開始架設網站的朋友~', '適合新手或是不知道該如何開始的朋友。', '跟著Riven老師一起做，即使沒有厲害的程式和設計背景，也能從中慢慢熟悉設計一個網站到架設一個網站的過程，非常實用！', '老師一開始會描述整個設計過程，以及各職位通常的負責項目，對於沒接觸過這領域的人來說可以快速了解！\n後面單元很多實作和小技巧，不過還是要實際自己去操作才能真正學起來啊', '老師分享了很多UI領域的知識和技巧，作為一門UI設計的入門課而言內容相當的豐富且完整，非常適合剛踏入UI設計領域的朋友們來學習！', '和需要懂程式的課程相比，真的好入門多了，對於設計類的人來說圖像化的工具還是比較好入手\n老師說話語調挺輕的，不會讓人學習有壓力，對於正處於工作壓力下還要生出時間上課的人來說相當感動', '老師俏皮的教學方式，讓冗長不好理解的程式語言，更增添了不少上課的動力。', '自己在hahow上買過其他課程，覺得一個課程好不好讓人吸收有幾個很關鍵的因素，首先就是依據學習標的安排適切的講課方式，UI是一個透過實作來累積經驗的技能，因此課程安排上大觀念如何變成好記住的「原則」就很重要，因為要讓往後設計網頁時可以在當下就很容易地想起來這些原則，而這堂課的設計便是屬於很清楚指出設計原則、讓以往沒有接觸過UI也非相關領域出身，但因為日常工作非常需要做簡報，且自己對簡報的製作有一定的排版要求的我也可以更認識UI的課程；另外講師的口條也會影響一個課程的教授品質，我覺得Riven的口條非常清晰（之前聽過有講師上課像讀稿機XDD）、不會突然在課程中就使用一個之前根本沒提過的觀念或詞彙而不解釋，因此推薦對架設網站（無論是想展現自己或是有工作轉職需求）有興趣的人，以此堂課為基礎我覺得是很棒的開始！', '講師講課條理清晰，畫面搭配清楚的動態插畫，讓學生更快的理解內容，讓我對網頁設計有更進一步的認識，很棒的課程！', '課程替摸不著頭緒的自學者解決了省時的問題，十分感謝Riven 的用心，上課的過程中自己也激發了許多想法與好奇心去深究其他部份，很開心能夠學習的這麼有意義！很棒的課程！！', '第二次上Riven老師的課，課程安排適當、很快就可以跟上老師的節奏，內容豐富且循序漸進，不會讓初學者覺得點進課程沒有頭緒，是一堂收穫很多的課~', '有了老師言簡意賅的解說後，對UI有更深的認識與了解，謝謝老師~', '從來沒接觸過ui這個領域，從完全的不認識到看到老師的介紹及youtube影片，漸漸認識這個領域，重點是讓想跟設計沾上邊的我也能從這個領域出發。上課後，覺得老師講得仔細也很清楚，不是說只有學如何使用，還有網頁架設的背景歷史，真的很值得撘家花錢來上課~', '老師上課的口條很清晰，聽起來很輕鬆\n我自己本身算是UI初學者，XD也是初次使用\n跟著老師慢慢製作網頁並不會很吃力\n還沒聽完課但希望能最後能做出好的成品！', '我不是設計師，但工作上有使用過wix做網頁，一直很羨慕設計師們可以快速流暢的做設計&溝通，以前有下載過Xd但新手卡卡一下就放棄了。\n跟著這門課上了一半，Xd的使用也越來越熟悉，老師也提供很多實用的網路資源省下我很多找圖作圖的時間。很開心有機會可以一步步透過實作學習，繼續上課囉！謝謝~', '整個課程脈絡清晰，對於初學者的觀念架構很是有用，只要有接觸過平面設計的都不會覺得太難。\n', '教學節奏不會過快，內容清楚易懂，老師分享了許多資源。', '老師很細心，適合新手。', '很用心的課程影片，而且老師也無私分享許多資源哦，感謝老師！', '第一次接觸網頁的部分\n還好沒想像中的難', '老師介紹的方式非常清楚簡單 相當推薦！', '最近想建立自己的作品集網站，課程很符合需求也很實用，連網頁史和風格演變都有介紹到了，超有趣，到目前雖然還沒全部看完，但課程單元的節奏和內容都很棒！期待自己上完課程後的成品', '老師解說清楚,值得推薦!\n', '還沒看完，看到一半而已，課程淺顯易懂，對於新手是一個不錯的開始。希望未來能有保有UI業界KNOW HOW轉職成功~', '整體教學從基礎到製作網站，對於新手來說太彿係啦！老師很用心，受益良多！', '老師講解得很仔細將網站的誕生、近年的設計趨勢，到設計思考、實作教學都講得很清楚，整個課程規畫淺顯易懂，非常適合剛入門的初學者 感謝老師的用心!', '課程內容清楚易懂', '老師講解得很仔細\n整個課程規畫也非常的淺顯易懂', '之前在友站已經上完Xd課程，很喜歡老師的風格，YT跟Medium也都有默默追蹤，受益良多:D\n前陣子看到能直接用設計刻出網頁的Webflow很興奮，但接觸新事物總是既期待又怕受傷害，\n剛好Riven就開募資了，直接先手刀買起來放XD', '起初看前半段，多半是在說明很多UI / UX的使用、設計構想，但隨著一單元接連結束，\n自然會發現這些很多初學者自認應該可以不必太知道的事情，其實往往是最重要的基礎核心，\n因為這些基礎牽動之後設計網頁的所有構思、軸向，而一般網路上找到的教學多半是直接切入怎麼css、解issue等，\n很少人會幫助初學者去建構這些模式，看似很簡單，其實實際操作就會知道這些基礎的想法，如果思緒不夠清楚，\n也會影響到設計網頁的所有視覺、架構，雖然還沒上完，但真的是細心解說、提供教學內容的好課！', '前期對我來說略簡單\n適合完全無經驗的\n\n中間webflow的部分對我很有幫助\n老師聲音超溫柔的', '從網站的誕生、近年的設計趨勢，到設計思考、實作教學都講得很清楚，也提供很多自身經驗與延伸閱讀!\n雖然本身學過網頁，還是覺得可以收穫很多~ \n是對剛入門的初學者也能好好消化的課程，步調不會冗長、節奏剛剛好!\n謝謝Riven : )', '對課程內容感興趣,之前剛開始看沒有逐字稿\n因為我比較習慣看字幕，沒有字幕用聽的要很認真聽才會聽懂,我覺得很困擾所以就被我擱了...\n現在回來看到有了很開心終於有了能回來上課ＸＤ\n', '老師講得淺顯易懂，又很實用', '課程說明清楚，慢慢了解原來UI設計製作網站整體操作流程是這樣子的。', '比起使用工具的教學，覺得網頁設計的觀念跟理論的部分受益良多\n畢竟webflow自己的官網就有很詳盡的教學，XD在youtube上的教學也很多，只是大多都是英文的，有時候也會擔心自己的理解是否有誤，在課程中可以再次有組織的熟悉介面挺好的', '有歷史發展，有設計思維，也有最新的開發技術，很充實的內容。', '會下這個標題是因為，老師的課程都很簡短，我本身是利用通勤時間就能迅速看完，挺有成就感的。\n但是這門課程比較像工具書，在軟體操作上，適合剛接觸的人。\n本身有網站架構概念的人，希望能聽到更多可以實際練習的內容。', '每一小節的影片長度剛剛好，較不易有疲倦感產生👍\n看完之後也買了老師在其他平台的課程，期待有更多的收穫～', 'Riven老師\x08很用心，課程學習過程很舒服，對於網頁初學者很有幫助，不小心就學會了\x08！\n平時追蹤Medium、Youtube、IG也有滿滿的乾貨，受益良多(ゝ∀･)b', '很有幫助!!!', '口條清晰節奏分明很不錯', '很想要學習這方面的知識於是先買起來😂\n謝謝老師提供這麼棒的課程！', '課程很好懂，完全沒有跟不上的情形，而且都會很貼心的附上參考資料的連結等等，課程最後還會有可愛的一句話或是問題給大家，\n老師還有提供一些版型，我覺得那些終生受用啊！！', '初學者容易理解，但課程都是使用預設的template，沒有深入教學，webflow的功能應用方面感覺有點不足，希望之後有個課程能深入教學', '剛上完Udemy那邊老師開的Adobe XD入門，緊接著追上老師這邊的課程，\n平時工作就多以PS.AI完成，所以XD相對地容易上手許多～\n還是謝謝老師逐一功能示範和講解，接下來會試著用webflow，期待更加提升工作效率。\n', '第一次上 Riven 的課，很有耐心按步驟操作，從影片也感受到他對於教學的喜愛（這在線上課程中很少見）講課節奏也很不錯，老師聲音也很可愛哈哈哈 😂 很舒適享受的學習體驗，對於架設網站一竅不通仍然可以得到許多收穫~~~ 期待之後還有更多關於設計跟 UI/UX 的內容!!', '受益良多 謝謝', '目前還沒有要架設網頁，但之前上班的時候同事推薦就看了 Riven 很多教學(也有偷偷追蹤老師臉書🤣小粉絲簽到🤣) 這次單純就是想要抖內給老師～支持繼續產出更多好內容！！Riven 加油～～我有空再回來看課程 哈哈', '謝謝Riven完整的介紹XD和Webflow的操作，幫助初學者完成屬於自己的網頁。學過一點程式會對webflow的架構更有組織，沒學過也能從課程學到基礎的概念。學到如何使用接下來就是要自己下功夫了～受益良多，謝謝Riven！', '課程有趣實用，課程老師medium 上乾貨很多能打包帶走。', '很棒!! 讚讚的!! 很喜歡網頁 UI 排版的方法，雖然已經從事網頁設計幾年了，但還是能夠得到許多以前沒注意到的知識；軟體操作的教學適合初階的人，剛入門的話會很有幫助！目前 webflow 章節還沒有看，看網頁好像跟 PS 很像，期待之後能夠順利使用（Wordpress好難..）\n之前有訊息給 Riven 詢問職涯選擇上的煩惱，得到了許多建議，非常感謝大大~~是少見的會對學員相當用心的老師，課程可以搭配老師 Medium 與 Youtube 平台一起看，會在設計的學習上帶來很多幫助，每次聽 Riven 說話或是看文章，都重新燃起了對設計的熱情 😂😂 ', '網頁歷史課單元很有趣～～', '還沒全部看完~~感謝老師用心準備!!開課之前就有看過Riven的文章跟youtube影片，也有在社團問過軟體的新手問題\x08，但老師還是很耐心的回答\n也常常在臉書看到活動或是訪問影片，感覺riven做什麼東西都很用心~! 希望之後還能夠開更多UI 設計的課程。\n這堂打算等字幕完整後再回來看，有點開前幾個單元覺得老師聲音溫柔也很好聽(聽課會有點害羞那種)，期待最後可以學會如何製作網頁。\n辛苦了!!!! 好好休息 ：）']",['適合初學者：許多學生都認為這門課程適合初學者，因為課程內容易懂且淺顯易懂，並且老師的口條清晰，教學品質不錯。課程也有助於新手入門，並且可以逐步拆解設計方法，對新手很']
7,WordPress 用邏輯設計網頁：區塊編輯器,0.0,0,156,2,1999,"1. 網頁設計與平面設計差異
2. 定義網站風格，究竟怎樣的網站設計方式才合理
3. UI 卡片式設計的優點與應用，大公司都愛用
4. 設計系統建置，培養邏輯網站設計思維，讓你網站更有一致性
5. 排版強化，細談區塊編輯器長寬、左右移動、正確設定排版沒煩惱
6. 區塊怎麼做！學會任何排版都難不倒你！",[],[],['請提供課程評論清單。']
